"","person_code","perceiver.id","target.id","Knowing","Liking","Meta_Liking","Friend","Leader"
"1","AB04KE",4,63,2,3,4,0,0
"2","AB04KE",4,72,NA,NA,NA,NA,NA
"3","AB04KE",4,64,2,4,4,0,0
"4","AB04KE",4,71,NA,NA,NA,NA,NA
"5","AB04KE",4,62,3,4,4,0,1
"6","AB04KE",4,24,3,4,4,0,0
"7","AB04KE",4,25,3,4,4,0,1
"8","AB04KE",4,65,3,5,4,0,0
"9","AB04KE",4,66,2,5,5,0,0
"10","AB04KE",4,68,1,NA,NA,NA,NA
"11","AB04KE",4,69,NA,NA,NA,NA,NA
"12","AB04KE",4,70,NA,NA,NA,NA,NA
"13","AB04KE",4,36,2,5,5,0,0
"14","AB04KE",4,37,2,4,4,0,0
"15","AB04KE",4,19,2,3,4,0,0
"16","AB04KE",4,21,1,NA,NA,NA,NA
"17","AB04KE",4,22,2,4,4,0,0
"18","AB04KE",4,23,5,5,5,1,0
"19","AB04KE",4,5,4,4,4,0,0
"20","AB04KE",4,6,2,4,4,0,0
"21","AB04KE",4,26,5,4,5,1,0
"22","AB04KE",4,27,3,4,5,0,0
"23","AB04KE",4,28,2,4,4,0,0
"24","AB04KE",4,29,3,5,4,0,0
"25","AB04KE",4,35,2,2,3,0,0
"26","AB04KE",4,15,2,5,5,0,0
"27","AB04KE",4,17,4,6,6,1,1
"28","AB04KE",4,18,4,5,5,0,0
"29","AB04KE",4,39,3,5,5,0,0
"30","AB04KE",4,40,1,NA,NA,NA,NA
"31","AB04KE",4,41,1,NA,NA,NA,NA
"32","AB04KE",4,42,3,5,5,0,0
"33","AB04KE",4,43,5,6,6,1,0
"34","AB04KE",4,7,3,5,4,0,1
"35","AB04KE",4,9,3,5,5,0,1
"36","AB04KE",4,10,2,2,4,0,1
"37","AB04KE",4,12,3,3,4,0,0
"38","AB04KE",4,13,4,6,6,0,0
"39","AB04KE",4,50,3,5,5,0,1
"40","AB04KE",4,51,3,4,4,0,1
"41","AB04KE",4,52,3,5,5,0,0
"42","AB04KE",4,53,2,4,4,0,0
"43","AB04KE",4,54,1,NA,NA,NA,NA
"44","AB04KE",4,57,4,4,5,0,0
"45","AB04KE",4,61,3,3,4,0,0
"46","AB04KE",4,4,NA,NA,NA,NA,NA
"47","AB04KE",4,47,3,5,5,0,1
"48","AB04KE",4,44,5,5,5,1,1
"49","AB04KE",4,45,4,4,4,0,1
"50","AB04KE",4,46,4,5,5,0,0
"51","AB04KE",4,48,2,3,4,0,0
"52","AB04KE",4,49,2,4,4,0,0
"53","AB11KL",7,54,2,3,3,0,0
"54","AB11KL",7,49,2,3,3,0,0
"55","AB11KL",7,52,2,3,3,0,0
"56","AB11KL",7,53,2,3,3,0,0
"57","AB11KL",7,17,2,3,3,0,0
"58","AB11KL",7,51,4,4,4,0,0
"59","AB11KL",7,15,2,3,3,0,0
"60","AB11KL",7,22,3,3,3,0,0
"61","AB11KL",7,18,3,3,3,0,1
"62","AB11KL",7,19,1,NA,NA,NA,NA
"63","AB11KL",7,21,2,3,3,0,0
"64","AB11KL",7,48,2,3,3,0,0
"65","AB11KL",7,27,2,3,3,0,0
"66","AB11KL",7,50,3,4,3,0,0
"67","AB11KL",7,72,NA,NA,NA,NA,NA
"68","AB11KL",7,71,NA,NA,NA,NA,NA
"69","AB11KL",7,35,3,2,3,0,0
"70","AB11KL",7,36,2,3,3,0,0
"71","AB11KL",7,37,3,4,4,0,0
"72","AB11KL",7,57,3,2,3,0,0
"73","AB11KL",7,61,2,3,3,0,0
"74","AB11KL",7,23,2,2,3,0,0
"75","AB11KL",7,24,3,4,4,0,0
"76","AB11KL",7,25,2,4,3,0,0
"77","AB11KL",7,26,2,3,3,0,0
"78","AB11KL",7,47,4,6,4,0,1
"79","AB11KL",7,46,3,3,3,0,0
"80","AB11KL",7,28,2,3,3,0,0
"81","AB11KL",7,29,2,3,4,0,0
"82","AB11KL",7,70,NA,NA,NA,NA,NA
"83","AB11KL",7,13,2,3,3,0,0
"84","AB11KL",7,42,2,3,3,0,0
"85","AB11KL",7,39,2,5,4,0,0
"86","AB11KL",7,40,2,3,3,0,0
"87","AB11KL",7,41,2,3,3,0,0
"88","AB11KL",7,66,4,4,4,0,1
"89","AB11KL",7,43,2,3,3,0,0
"90","AB11KL",7,44,2,3,3,0,0
"91","AB11KL",7,45,2,3,3,0,0
"92","AB11KL",7,65,2,3,3,0,0
"93","AB11KL",7,68,1,NA,NA,NA,NA
"94","AB11KL",7,69,NA,NA,NA,NA,NA
"95","AB11KL",7,12,2,3,3,0,0
"96","AB11KL",7,5,4,3,3,0,1
"97","AB11KL",7,62,2,4,3,0,0
"98","AB11KL",7,63,2,2,3,0,0
"99","AB11KL",7,64,3,3,4,0,0
"100","AB11KL",7,7,NA,NA,NA,NA,NA
"101","AB11KL",7,9,2,3,3,0,0
"102","AB11KL",7,10,2,4,3,0,1
"103","AB11KL",7,6,2,3,3,0,0
"104","AB11KL",7,4,3,3,3,0,0
"105","AB12KL",53,52,2,3,3,0,1
"106","AB12KL",53,41,2,3,3,0,1
"107","AB12KL",53,42,3,4,4,0,1
"108","AB12KL",53,43,4,4,4,0,0
"109","AB12KL",53,44,3,4,3,0,1
"110","AB12KL",53,45,3,3,3,0,1
"111","AB12KL",53,46,4,4,4,0,1
"112","AB12KL",53,47,4,4,4,0,1
"113","AB12KL",53,48,3,4,4,0,0
"114","AB12KL",53,49,3,4,4,0,1
"115","AB12KL",53,50,4,5,4,0,1
"116","AB12KL",53,51,3,4,4,0,1
"117","AB12KL",53,72,NA,NA,NA,NA,NA
"118","AB12KL",53,19,2,3,3,0,0
"119","AB12KL",53,21,2,3,3,0,0
"120","AB12KL",53,22,4,5,4,1,0
"121","AB12KL",53,23,3,4,3,0,1
"122","AB12KL",53,24,3,4,4,0,1
"123","AB12KL",53,25,4,6,5,1,0
"124","AB12KL",53,26,3,4,4,0,0
"125","AB12KL",53,27,4,4,4,0,1
"126","AB12KL",53,28,3,4,4,0,1
"127","AB12KL",53,29,2,4,4,0,1
"128","AB12KL",53,35,2,3,3,0,1
"129","AB12KL",53,36,2,4,3,0,0
"130","AB12KL",53,37,3,3,4,0,0
"131","AB12KL",53,39,2,3,3,0,1
"132","AB12KL",53,40,3,4,4,0,1
"133","AB12KL",53,54,4,5,5,1,0
"134","AB12KL",53,4,4,4,4,0,1
"135","AB12KL",53,5,4,4,4,0,1
"136","AB12KL",53,6,2,3,3,0,1
"137","AB12KL",53,7,3,4,3,0,1
"138","AB12KL",53,9,3,3,3,0,1
"139","AB12KL",53,10,2,3,3,0,1
"140","AB12KL",53,12,3,4,4,0,0
"141","AB12KL",53,13,5,5,5,1,1
"142","AB12KL",53,15,4,5,5,0,1
"143","AB12KL",53,17,4,5,4,1,1
"144","AB12KL",53,18,5,5,4,1,1
"145","AB12KL",53,53,NA,NA,NA,NA,NA
"146","AB12KL",53,62,5,6,5,1,1
"147","AB12KL",53,63,2,3,3,0,0
"148","AB12KL",53,57,3,4,3,0,0
"149","AB12KL",53,61,3,3,3,0,1
"150","AB12KL",53,66,4,4,4,0,1
"151","AB12KL",53,68,2,3,3,0,1
"152","AB12KL",53,64,2,3,3,0,0
"153","AB12KL",53,65,2,3,3,0,1
"154","AB12KL",53,71,NA,NA,NA,NA,NA
"155","AB12KL",53,69,NA,NA,NA,NA,NA
"156","AB12KL",53,70,NA,NA,NA,NA,NA
"157","AD12TA",12,24,1,NA,NA,NA,NA
"158","AD12TA",12,21,1,NA,NA,NA,NA
"159","AD12TA",12,22,1,NA,NA,NA,NA
"160","AD12TA",12,23,3,4,3,0,0
"161","AD12TA",12,41,3,5,4,0,0
"162","AD12TA",12,42,1,NA,NA,NA,NA
"163","AD12TA",12,43,3,3,3,0,0
"164","AD12TA",12,72,NA,NA,NA,NA,NA
"165","AD12TA",12,18,2,3,3,0,0
"166","AD12TA",12,19,1,NA,NA,NA,NA
"167","AD12TA",12,37,1,NA,NA,NA,NA
"168","AD12TA",12,39,1,NA,NA,NA,NA
"169","AD12TA",12,40,3,5,3,0,0
"170","AD12TA",12,4,3,4,3,0,1
"171","AD12TA",12,5,2,3,3,0,1
"172","AD12TA",12,6,4,6,4,0,0
"173","AD12TA",12,44,3,3,3,0,0
"174","AD12TA",12,45,1,NA,NA,NA,NA
"175","AD12TA",12,46,3,3,3,0,0
"176","AD12TA",12,49,2,4,3,0,0
"177","AD12TA",12,50,2,4,3,0,0
"178","AD12TA",12,71,NA,NA,NA,NA,NA
"179","AD12TA",12,51,1,NA,NA,NA,NA
"180","AD12TA",12,52,1,NA,NA,NA,NA
"181","AD12TA",12,36,4,6,5,0,0
"182","AD12TA",12,53,3,4,3,0,0
"183","AD12TA",12,54,3,5,4,0,0
"184","AD12TA",12,57,3,4,3,0,1
"185","AD12TA",12,61,4,3,3,0,0
"186","AD12TA",12,7,2,3,3,0,0
"187","AD12TA",12,9,4,4,3,0,0
"188","AD12TA",12,10,2,3,3,0,0
"189","AD12TA",12,47,3,5,3,0,1
"190","AD12TA",12,48,1,NA,NA,NA,NA
"191","AD12TA",12,15,1,NA,NA,NA,NA
"192","AD12TA",12,17,1,NA,NA,NA,NA
"193","AD12TA",12,70,NA,NA,NA,NA,NA
"194","AD12TA",12,12,NA,NA,NA,NA,NA
"195","AD12TA",12,62,2,3,3,0,0
"196","AD12TA",12,25,1,NA,NA,NA,NA
"197","AD12TA",12,26,1,NA,NA,NA,NA
"198","AD12TA",12,35,1,NA,NA,NA,NA
"199","AD12TA",12,13,2,4,3,0,1
"200","AD12TA",12,68,3,4,3,0,0
"201","AD12TA",12,69,NA,NA,NA,NA,NA
"202","AD12TA",12,64,1,NA,NA,NA,NA
"203","AD12TA",12,65,1,NA,NA,NA,NA
"204","AD12TA",12,66,3,3,3,0,0
"205","AD12TA",12,63,3,4,3,0,0
"206","AD12TA",12,29,3,5,3,0,0
"207","AD12TA",12,28,4,6,5,0,1
"208","AD12TA",12,27,2,4,3,0,0
"209","AF08LG",10,23,2,4,4,0,0
"210","AF08LG",10,24,2,4,4,0,0
"211","AF08LG",10,25,2,4,4,0,0
"212","AF08LG",10,22,2,4,4,0,1
"213","AF08LG",10,68,2,4,4,0,0
"214","AF08LG",10,69,NA,NA,NA,NA,NA
"215","AF08LG",10,70,NA,NA,NA,NA,NA
"216","AF08LG",10,71,NA,NA,NA,NA,NA
"217","AF08LG",10,72,NA,NA,NA,NA,NA
"218","AF08LG",10,43,2,3,3,0,0
"219","AF08LG",10,44,2,6,4,0,1
"220","AF08LG",10,45,2,4,3,0,0
"221","AF08LG",10,21,2,5,4,0,1
"222","AF08LG",10,37,3,4,4,0,1
"223","AF08LG",10,39,2,5,5,0,0
"224","AF08LG",10,40,2,4,4,0,1
"225","AF08LG",10,41,2,3,4,0,0
"226","AF08LG",10,42,2,4,4,0,0
"227","AF08LG",10,6,2,3,3,0,1
"228","AF08LG",10,7,2,6,5,0,1
"229","AF08LG",10,26,2,5,5,0,1
"230","AF08LG",10,46,2,3,3,0,0
"231","AF08LG",10,47,2,4,3,0,1
"232","AF08LG",10,48,2,4,4,0,0
"233","AF08LG",10,19,2,3,3,0,0
"234","AF08LG",10,66,2,4,4,0,0
"235","AF08LG",10,49,2,4,4,0,0
"236","AF08LG",10,36,2,6,5,0,1
"237","AF08LG",10,52,3,4,3,0,1
"238","AF08LG",10,50,3,4,4,0,1
"239","AF08LG",10,5,2,4,4,0,1
"240","AF08LG",10,4,2,3,3,0,0
"241","AF08LG",10,13,2,5,4,0,0
"242","AF08LG",10,9,2,4,3,0,0
"243","AF08LG",10,10,NA,NA,NA,NA,NA
"244","AF08LG",10,12,2,6,6,0,1
"245","AF08LG",10,65,2,5,4,0,0
"246","AF08LG",10,15,2,4,4,0,1
"247","AF08LG",10,17,2,4,4,0,1
"248","AF08LG",10,18,2,5,4,0,0
"249","AF08LG",10,57,2,5,4,0,1
"250","AF08LG",10,51,3,5,5,0,0
"251","AF08LG",10,53,2,5,5,0,0
"252","AF08LG",10,54,2,4,4,0,1
"253","AF08LG",10,35,2,4,4,0,0
"254","AF08LG",10,27,2,5,5,0,1
"255","AF08LG",10,28,2,6,5,0,0
"256","AF08LG",10,29,2,4,3,0,0
"257","AF08LG",10,63,2,5,4,0,0
"258","AF08LG",10,64,2,4,4,0,0
"259","AF08LG",10,61,2,5,4,0,1
"260","AF08LG",10,62,2,4,4,0,1
"261","AG06EH",49,41,5,6,5,0,0
"262","AG06EH",49,43,2,5,4,0,0
"263","AG06EH",49,44,2,5,4,0,1
"264","AG06EH",49,40,5,6,5,0,1
"265","AG06EH",49,42,3,5,4,0,1
"266","AG06EH",49,49,NA,NA,NA,NA,NA
"267","AG06EH",49,24,3,6,5,0,0
"268","AG06EH",49,25,1,NA,NA,NA,NA
"269","AG06EH",49,22,4,6,5,0,1
"270","AG06EH",49,23,1,NA,NA,NA,NA
"271","AG06EH",49,47,3,6,5,0,1
"272","AG06EH",49,50,3,6,5,0,1
"273","AG06EH",49,45,2,5,5,0,1
"274","AG06EH",49,46,5,6,5,0,0
"275","AG06EH",49,52,4,5,5,0,1
"276","AG06EH",49,39,4,6,5,0,1
"277","AG06EH",49,21,2,5,4,0,0
"278","AG06EH",49,54,1,NA,NA,NA,NA
"279","AG06EH",49,4,2,5,4,0,1
"280","AG06EH",49,5,2,5,4,0,1
"281","AG06EH",49,6,2,4,4,0,1
"282","AG06EH",49,7,2,5,4,0,1
"283","AG06EH",49,9,4,5,4,0,1
"284","AG06EH",49,10,3,5,5,0,0
"285","AG06EH",49,48,2,4,4,0,0
"286","AG06EH",49,13,1,NA,NA,NA,NA
"287","AG06EH",49,51,3,5,5,0,1
"288","AG06EH",49,72,NA,NA,NA,NA,NA
"289","AG06EH",49,19,2,5,5,0,0
"290","AG06EH",49,53,3,5,4,0,1
"291","AG06EH",49,37,3,6,5,0,1
"292","AG06EH",49,63,2,6,5,0,0
"293","AG06EH",49,57,2,5,4,0,1
"294","AG06EH",49,61,5,6,6,0,0
"295","AG06EH",49,62,3,5,5,0,0
"296","AG06EH",49,15,2,6,4,0,0
"297","AG06EH",49,26,2,5,5,0,1
"298","AG06EH",49,12,2,6,5,0,0
"299","AG06EH",49,66,1,NA,NA,NA,NA
"300","AG06EH",49,27,2,5,4,0,0
"301","AG06EH",49,17,2,5,4,0,0
"302","AG06EH",49,18,2,5,5,0,1
"303","AG06EH",49,71,NA,NA,NA,NA,NA
"304","AG06EH",49,36,3,6,5,0,0
"305","AG06EH",49,68,2,5,4,0,0
"306","AG06EH",49,64,2,5,4,0,0
"307","AG06EH",49,65,2,4,4,0,1
"308","AG06EH",49,35,2,5,5,0,0
"309","AG06EH",49,69,NA,NA,NA,NA,NA
"310","AG06EH",49,70,NA,NA,NA,NA,NA
"311","AG06EH",49,28,3,5,5,0,0
"312","AG06EH",49,29,5,6,5,0,1
"313","AK08BN",21,57,3,5,4,0,1
"314","AK08BN",21,71,NA,NA,NA,NA,NA
"315","AK08BN",21,61,3,5,5,0,0
"316","AK08BN",21,29,3,5,4,0,1
"317","AK08BN",21,63,2,3,3,0,1
"318","AK08BN",21,35,4,3,3,0,1
"319","AK08BN",21,54,2,3,3,0,0
"320","AK08BN",21,53,2,5,4,0,1
"321","AK08BN",21,28,3,3,3,0,1
"322","AK08BN",21,48,4,5,4,0,1
"323","AK08BN",21,36,4,4,4,0,0
"324","AK08BN",21,62,2,4,4,0,1
"325","AK08BN",21,37,4,5,4,0,1
"326","AK08BN",21,39,4,6,5,1,1
"327","AK08BN",21,7,3,5,4,0,1
"328","AK08BN",21,72,NA,NA,NA,NA,NA
"329","AK08BN",21,52,2,4,4,0,1
"330","AK08BN",21,49,2,4,4,0,0
"331","AK08BN",21,64,4,3,4,0,1
"332","AK08BN",21,65,2,4,4,0,1
"333","AK08BN",21,40,3,4,4,0,1
"334","AK08BN",21,9,2,3,3,0,1
"335","AK08BN",21,6,3,4,4,0,1
"336","AK08BN",21,47,2,5,4,0,1
"337","AK08BN",21,51,2,3,4,0,1
"338","AK08BN",21,66,3,5,4,0,1
"339","AK08BN",21,10,2,3,3,0,0
"340","AK08BN",21,12,2,5,5,0,1
"341","AK08BN",21,24,4,5,5,1,1
"342","AK08BN",21,50,2,6,5,0,1
"343","AK08BN",21,70,NA,NA,NA,NA,NA
"344","AK08BN",21,25,3,5,5,0,1
"345","AK08BN",21,68,2,4,4,0,1
"346","AK08BN",21,13,2,6,4,0,1
"347","AK08BN",21,15,3,6,4,0,1
"348","AK08BN",21,41,3,5,4,0,1
"349","AK08BN",21,46,4,5,4,0,1
"350","AK08BN",21,69,NA,NA,NA,NA,NA
"351","AK08BN",21,27,2,4,4,0,1
"352","AK08BN",21,26,2,5,5,0,1
"353","AK08BN",21,17,3,4,4,0,1
"354","AK08BN",21,42,3,4,4,0,1
"355","AK08BN",21,4,2,4,4,0,1
"356","AK08BN",21,5,2,4,4,0,0
"357","AK08BN",21,45,4,5,5,0,1
"358","AK08BN",21,23,2,5,4,0,1
"359","AK08BN",21,18,3,5,4,0,1
"360","AK08BN",21,43,2,5,5,0,1
"361","AK08BN",21,44,2,4,4,0,1
"362","AK08BN",21,22,3,3,5,0,1
"363","AK08BN",21,19,2,4,4,0,1
"364","AK08BN",21,21,NA,NA,NA,NA,NA
"365","AK08BW",17,43,4,4,4,0,0
"366","AK08BW",17,51,2,3,3,0,0
"367","AK08BW",17,44,4,4,4,0,1
"368","AK08BW",17,45,3,4,4,0,0
"369","AK08BW",17,50,5,6,5,1,1
"370","AK08BW",17,42,4,5,4,0,1
"371","AK08BW",17,5,3,5,4,0,0
"372","AK08BW",17,6,2,4,4,0,0
"373","AK08BW",17,7,2,4,3,0,0
"374","AK08BW",17,46,4,5,4,0,1
"375","AK08BW",17,47,2,3,3,0,0
"376","AK08BW",17,48,2,3,3,0,0
"377","AK08BW",17,49,4,5,5,0,0
"378","AK08BW",17,15,5,6,6,1,0
"379","AK08BW",17,17,NA,NA,NA,NA,NA
"380","AK08BW",17,18,5,5,5,1,1
"381","AK08BW",17,52,4,5,5,0,1
"382","AK08BW",17,53,5,6,6,1,1
"383","AK08BW",17,4,5,6,6,1,1
"384","AK08BW",17,23,4,4,4,0,1
"385","AK08BW",17,24,3,4,4,0,0
"386","AK08BW",17,25,5,6,6,1,1
"387","AK08BW",17,9,3,5,4,0,0
"388","AK08BW",17,10,2,4,4,0,0
"389","AK08BW",17,12,1,NA,NA,NA,NA
"390","AK08BW",17,13,4,6,6,0,1
"391","AK08BW",17,29,5,6,6,1,1
"392","AK08BW",17,35,3,4,4,0,0
"393","AK08BW",17,36,2,4,3,0,0
"394","AK08BW",17,19,2,4,4,0,0
"395","AK08BW",17,21,2,4,4,0,0
"396","AK08BW",17,22,4,5,5,0,0
"397","AK08BW",17,41,2,4,4,0,0
"398","AK08BW",17,57,3,4,4,0,0
"399","AK08BW",17,61,3,5,5,0,0
"400","AK08BW",17,62,5,6,5,1,1
"401","AK08BW",17,63,3,4,3,0,0
"402","AK08BW",17,64,2,3,3,0,0
"403","AK08BW",17,65,2,5,4,0,1
"404","AK08BW",17,66,4,6,6,1,1
"405","AK08BW",17,68,1,NA,NA,NA,NA
"406","AK08BW",17,69,NA,NA,NA,NA,NA
"407","AK08BW",17,37,2,4,4,0,0
"408","AK08BW",17,39,3,6,5,0,1
"409","AK08BW",17,40,4,4,4,0,1
"410","AK08BW",17,54,2,4,4,0,1
"411","AK08BW",17,26,5,5,5,1,0
"412","AK08BW",17,27,5,6,5,1,1
"413","AK08BW",17,28,3,3,3,0,1
"414","AK08BW",17,72,NA,NA,NA,NA,NA
"415","AK08BW",17,70,NA,NA,NA,NA,NA
"416","AK08BW",17,71,NA,NA,NA,NA,NA
"417","AK09LG",68,4,1,NA,NA,NA,NA
"418","AK09LG",68,5,1,NA,NA,NA,NA
"419","AK09LG",68,6,1,NA,NA,NA,NA
"420","AK09LG",68,7,2,4,4,0,1
"421","AK09LG",68,15,1,NA,NA,NA,NA
"422","AK09LG",68,17,1,NA,NA,NA,NA
"423","AK09LG",68,18,1,NA,NA,NA,NA
"424","AK09LG",68,19,1,NA,NA,NA,NA
"425","AK09LG",68,21,1,NA,NA,NA,NA
"426","AK09LG",68,22,2,3,3,0,0
"427","AK09LG",68,23,1,NA,NA,NA,NA
"428","AK09LG",68,24,1,NA,NA,NA,NA
"429","AK09LG",68,25,1,NA,NA,NA,NA
"430","AK09LG",68,9,4,5,4,0,0
"431","AK09LG",68,10,2,3,3,0,0
"432","AK09LG",68,12,3,5,5,0,0
"433","AK09LG",68,13,1,NA,NA,NA,NA
"434","AK09LG",68,49,4,4,4,0,0
"435","AK09LG",68,50,4,5,4,0,1
"436","AK09LG",68,51,2,3,3,0,0
"437","AK09LG",68,52,1,NA,NA,NA,NA
"438","AK09LG",68,53,3,5,4,0,0
"439","AK09LG",68,54,1,NA,NA,NA,NA
"440","AK09LG",68,57,1,NA,NA,NA,NA
"441","AK09LG",68,61,4,5,5,0,0
"442","AK09LG",68,62,1,NA,NA,NA,NA
"443","AK09LG",68,63,3,3,3,0,0
"444","AK09LG",68,64,3,5,4,0,1
"445","AK09LG",68,65,1,NA,NA,NA,NA
"446","AK09LG",68,66,1,NA,NA,NA,NA
"447","AK09LG",68,68,NA,NA,NA,NA,NA
"448","AK09LG",68,69,NA,NA,NA,NA,NA
"449","AK09LG",68,70,NA,NA,NA,NA,NA
"450","AK09LG",68,71,NA,NA,NA,NA,NA
"451","AK09LG",68,72,NA,NA,NA,NA,NA
"452","AK09LG",68,39,1,NA,NA,NA,NA
"453","AK09LG",68,40,4,5,4,0,0
"454","AK09LG",68,41,4,5,4,0,0
"455","AK09LG",68,42,1,NA,NA,NA,NA
"456","AK09LG",68,43,1,NA,NA,NA,NA
"457","AK09LG",68,44,2,3,4,0,0
"458","AK09LG",68,26,1,NA,NA,NA,NA
"459","AK09LG",68,27,1,NA,NA,NA,NA
"460","AK09LG",68,28,4,3,4,0,0
"461","AK09LG",68,29,4,5,4,0,0
"462","AK09LG",68,35,1,NA,NA,NA,NA
"463","AK09LG",68,36,1,NA,NA,NA,NA
"464","AK09LG",68,37,1,NA,NA,NA,NA
"465","AK09LG",68,47,3,4,4,0,0
"466","AK09LG",68,48,4,5,4,0,0
"467","AK09LG",68,45,2,3,3,0,1
"468","AK09LG",68,46,2,4,4,0,0
"469","AK09WN",62,69,NA,NA,NA,NA,NA
"470","AK09WN",62,68,1,NA,NA,NA,NA
"471","AK09WN",62,70,NA,NA,NA,NA,NA
"472","AK09WN",62,15,5,6,6,1,0
"473","AK09WN",62,10,2,4,4,0,1
"474","AK09WN",62,71,NA,NA,NA,NA,NA
"475","AK09WN",62,72,NA,NA,NA,NA,NA
"476","AK09WN",62,19,2,3,3,0,0
"477","AK09WN",62,17,3,4,4,0,1
"478","AK09WN",62,12,2,4,4,0,0
"479","AK09WN",62,13,3,5,5,0,0
"480","AK09WN",62,66,4,4,4,0,1
"481","AK09WN",62,9,2,4,4,0,1
"482","AK09WN",62,5,4,4,4,0,1
"483","AK09WN",62,65,2,4,4,0,1
"484","AK09WN",62,26,3,3,3,0,0
"485","AK09WN",62,27,4,4,4,0,1
"486","AK09WN",62,28,3,4,4,0,1
"487","AK09WN",62,4,3,4,3,0,1
"488","AK09WN",62,18,4,5,5,0,1
"489","AK09WN",62,53,4,6,6,1,1
"490","AK09WN",62,54,3,5,5,0,1
"491","AK09WN",62,21,1,NA,NA,NA,NA
"492","AK09WN",62,22,3,5,5,0,1
"493","AK09WN",62,7,2,4,4,0,1
"494","AK09WN",62,6,2,4,4,0,1
"495","AK09WN",62,64,3,3,4,0,1
"496","AK09WN",62,25,4,6,6,0,0
"497","AK09WN",62,45,2,4,4,0,0
"498","AK09WN",62,46,3,4,4,0,0
"499","AK09WN",62,47,3,5,5,0,0
"500","AK09WN",62,29,3,3,3,0,0
"501","AK09WN",62,52,2,3,3,0,0
"502","AK09WN",62,36,3,4,4,0,0
"503","AK09WN",62,37,2,3,4,0,1
"504","AK09WN",62,57,3,2,3,0,0
"505","AK09WN",62,61,3,4,4,0,0
"506","AK09WN",62,62,NA,NA,NA,NA,NA
"507","AK09WN",62,63,2,3,4,0,0
"508","AK09WN",62,24,3,4,4,0,0
"509","AK09WN",62,44,3,2,2,0,0
"510","AK09WN",62,35,3,2,4,0,0
"511","AK09WN",62,51,2,3,3,0,0
"512","AK09WN",62,50,3,4,4,0,1
"513","AK09WN",62,39,2,4,4,0,1
"514","AK09WN",62,40,3,4,4,0,1
"515","AK09WN",62,41,2,4,4,0,0
"516","AK09WN",62,23,2,3,3,0,0
"517","AK09WN",62,43,3,3,3,0,0
"518","AK09WN",62,48,3,3,4,0,0
"519","AK09WN",62,49,3,4,5,0,0
"520","AK09WN",62,42,2,4,4,0,0
"521","AP12DT",47,40,3,5,4,0,1
"522","AP12DT",47,45,3,3,3,0,1
"523","AP12DT",47,37,2,3,3,0,0
"524","AP12DT",47,39,4,3,4,0,1
"525","AP12DT",47,41,1,NA,NA,NA,NA
"526","AP12DT",47,22,4,5,5,0,1
"527","AP12DT",47,42,3,5,4,0,1
"528","AP12DT",47,43,1,NA,NA,NA,NA
"529","AP12DT",47,21,1,NA,NA,NA,NA
"530","AP12DT",47,46,3,4,3,0,1
"531","AP12DT",47,36,3,5,4,0,0
"532","AP12DT",47,50,3,5,4,1,1
"533","AP12DT",47,44,1,NA,NA,NA,NA
"534","AP12DT",47,51,1,NA,NA,NA,NA
"535","AP12DT",47,52,1,NA,NA,NA,NA
"536","AP12DT",47,4,3,5,4,0,1
"537","AP12DT",47,19,3,1,2,0,1
"538","AP12DT",47,6,3,5,5,1,0
"539","AP12DT",47,7,3,5,4,0,1
"540","AP12DT",47,47,NA,NA,NA,NA,NA
"541","AP12DT",47,5,4,5,5,1,0
"542","AP12DT",47,13,6,5,6,1,0
"543","AP12DT",47,48,4,4,4,0,1
"544","AP12DT",47,49,1,NA,NA,NA,NA
"545","AP12DT",47,18,4,4,4,1,1
"546","AP12DT",47,69,NA,NA,NA,NA,NA
"547","AP12DT",47,70,NA,NA,NA,NA,NA
"548","AP12DT",47,71,NA,NA,NA,NA,NA
"549","AP12DT",47,72,NA,NA,NA,NA,NA
"550","AP12DT",47,23,2,5,4,0,1
"551","AP12DT",47,24,4,2,4,0,0
"552","AP12DT",47,57,3,3,3,0,0
"553","AP12DT",47,9,2,3,3,0,0
"554","AP12DT",47,10,1,NA,NA,NA,NA
"555","AP12DT",47,12,2,4,3,0,0
"556","AP12DT",47,15,1,NA,NA,NA,NA
"557","AP12DT",47,17,1,NA,NA,NA,NA
"558","AP12DT",47,68,3,2,3,0,0
"559","AP12DT",47,29,3,4,4,0,0
"560","AP12DT",47,35,1,NA,NA,NA,NA
"561","AP12DT",47,65,1,NA,NA,NA,NA
"562","AP12DT",47,61,3,2,3,0,0
"563","AP12DT",47,53,4,4,4,1,0
"564","AP12DT",47,54,4,2,5,0,0
"565","AP12DT",47,25,2,3,2,0,0
"566","AP12DT",47,66,3,5,4,0,1
"567","AP12DT",47,62,4,5,5,1,1
"568","AP12DT",47,63,1,NA,NA,NA,NA
"569","AP12DT",47,64,4,4,4,0,1
"570","AP12DT",47,28,3,2,4,0,1
"571","AP12DT",47,27,1,NA,NA,NA,NA
"572","AP12DT",47,26,1,NA,NA,NA,NA
"573","AS01LG",50,43,3,6,4,0,1
"574","AS01LG",50,41,3,3,4,0,1
"575","AS01LG",50,49,3,5,4,0,0
"576","AS01LG",50,44,4,6,4,0,1
"577","AS01LG",50,45,2,3,3,0,1
"578","AS01LG",50,42,3,5,4,0,1
"579","AS01LG",50,5,4,6,5,0,0
"580","AS01LG",50,51,3,3,4,0,0
"581","AS01LG",50,46,3,4,3,0,0
"582","AS01LG",50,47,4,6,6,1,1
"583","AS01LG",50,6,3,5,4,0,1
"584","AS01LG",50,40,4,5,4,0,1
"585","AS01LG",50,4,2,4,4,0,1
"586","AS01LG",50,57,4,6,6,1,1
"587","AS01LG",50,50,NA,NA,NA,NA,NA
"588","AS01LG",50,24,2,3,3,0,0
"589","AS01LG",50,25,3,3,3,0,0
"590","AS01LG",50,26,4,5,5,0,0
"591","AS01LG",50,23,6,6,5,0,0
"592","AS01LG",50,48,2,2,3,0,0
"593","AS01LG",50,12,2,6,5,0,0
"594","AS01LG",50,52,3,5,5,0,1
"595","AS01LG",50,27,4,6,5,1,1
"596","AS01LG",50,53,4,6,6,1,0
"597","AS01LG",50,54,2,2,2,0,0
"598","AS01LG",50,21,2,6,4,0,0
"599","AS01LG",50,22,4,5,5,1,1
"600","AS01LG",50,39,3,4,4,0,0
"601","AS01LG",50,61,4,3,3,0,0
"602","AS01LG",50,62,4,5,5,1,1
"603","AS01LG",50,7,3,5,4,0,1
"604","AS01LG",50,9,2,4,4,0,0
"605","AS01LG",50,10,3,4,4,0,1
"606","AS01LG",50,65,3,6,4,0,1
"607","AS01LG",50,13,2,6,5,0,1
"608","AS01LG",50,15,2,3,3,0,0
"609","AS01LG",50,72,NA,NA,NA,NA,NA
"610","AS01LG",50,19,2,4,4,0,0
"611","AS01LG",50,71,NA,NA,NA,NA,NA
"612","AS01LG",50,37,2,5,4,0,0
"613","AS01LG",50,63,3,4,4,0,0
"614","AS01LG",50,64,2,2,2,0,0
"615","AS01LG",50,18,3,5,5,0,0
"616","AS01LG",50,66,2,4,3,0,0
"617","AS01LG",50,68,4,5,5,0,0
"618","AS01LG",50,17,4,6,6,1,1
"619","AS01LG",50,69,NA,NA,NA,NA,NA
"620","AS01LG",50,36,2,4,3,0,0
"621","AS01LG",50,35,3,4,4,0,0
"622","AS01LG",50,28,3,4,4,0,0
"623","AS01LG",50,70,NA,NA,NA,NA,NA
"624","AS01LG",50,29,4,6,5,0,1
"625","AU07FG",72,19,4,5,5,0,1
"626","AU07FG",72,4,1,NA,NA,NA,NA
"627","AU07FG",72,5,2,4,4,0,1
"628","AU07FG",72,6,1,NA,NA,NA,NA
"629","AU07FG",72,7,2,3,3,0,0
"630","AU07FG",72,9,2,3,3,0,0
"631","AU07FG",72,10,4,4,4,0,1
"632","AU07FG",72,12,3,4,4,0,0
"633","AU07FG",72,13,2,4,4,0,1
"634","AU07FG",72,15,1,NA,NA,NA,NA
"635","AU07FG",72,17,1,NA,NA,NA,NA
"636","AU07FG",72,18,1,NA,NA,NA,NA
"637","AU07FG",72,39,2,4,4,0,1
"638","AU07FG",72,40,1,NA,NA,NA,NA
"639","AU07FG",72,41,1,NA,NA,NA,NA
"640","AU07FG",72,42,2,4,4,0,0
"641","AU07FG",72,43,1,NA,NA,NA,NA
"642","AU07FG",72,44,4,3,3,0,1
"643","AU07FG",72,45,2,3,3,0,0
"644","AU07FG",72,46,2,3,3,0,0
"645","AU07FG",72,47,2,3,3,0,0
"646","AU07FG",72,48,1,NA,NA,NA,NA
"647","AU07FG",72,49,1,NA,NA,NA,NA
"648","AU07FG",72,50,2,4,3,0,1
"649","AU07FG",72,51,1,NA,NA,NA,NA
"650","AU07FG",72,52,2,4,4,0,1
"651","AU07FG",72,53,2,5,4,0,1
"652","AU07FG",72,54,1,NA,NA,NA,NA
"653","AU07FG",72,57,4,5,5,0,0
"654","AU07FG",72,61,3,3,3,0,1
"655","AU07FG",72,62,2,4,4,0,0
"656","AU07FG",72,63,1,NA,NA,NA,NA
"657","AU07FG",72,64,1,NA,NA,NA,NA
"658","AU07FG",72,65,3,5,5,0,1
"659","AU07FG",72,66,3,4,4,0,1
"660","AU07FG",72,68,1,NA,NA,NA,NA
"661","AU07FG",72,69,3,5,4,0,1
"662","AU07FG",72,70,3,4,4,0,1
"663","AU07FG",72,71,3,4,3,0,1
"664","AU07FG",72,72,NA,NA,NA,NA,NA
"665","AU07FG",72,21,1,NA,NA,NA,NA
"666","AU07FG",72,22,3,2,4,0,0
"667","AU07FG",72,23,2,3,3,0,0
"668","AU07FG",72,24,1,NA,NA,NA,NA
"669","AU07FG",72,25,2,3,3,0,0
"670","AU07FG",72,26,2,4,4,0,1
"671","AU07FG",72,27,1,NA,NA,NA,NA
"672","AU07FG",72,28,2,3,3,0,0
"673","AU07FG",72,29,1,NA,NA,NA,NA
"674","AU07FG",72,35,2,2,3,0,0
"675","AU07FG",72,36,1,NA,NA,NA,NA
"676","AU07FG",72,37,2,3,3,0,1
"677","AV01GZ",27,15,4,5,4,0,1
"678","AV01GZ",27,13,3,6,3,0,0
"679","AV01GZ",27,17,4,6,4,1,1
"680","AV01GZ",27,19,2,2,3,0,0
"681","AV01GZ",27,48,3,3,4,0,0
"682","AV01GZ",27,18,4,5,2,0,1
"683","AV01GZ",27,12,3,2,2,0,0
"684","AV01GZ",27,21,1,NA,NA,NA,NA
"685","AV01GZ",27,49,2,3,3,0,1
"686","AV01GZ",27,50,4,6,4,0,1
"687","AV01GZ",27,66,3,5,3,0,1
"688","AV01GZ",27,47,2,5,2,0,0
"689","AV01GZ",27,64,3,3,4,0,0
"690","AV01GZ",27,65,3,2,2,0,1
"691","AV01GZ",27,23,3,4,3,0,1
"692","AV01GZ",27,68,1,NA,NA,NA,NA
"693","AV01GZ",27,69,NA,NA,NA,NA,NA
"694","AV01GZ",27,22,4,5,4,0,1
"695","AV01GZ",27,45,3,6,4,0,0
"696","AV01GZ",27,46,3,5,4,0,0
"697","AV01GZ",27,63,3,3,4,0,0
"698","AV01GZ",27,28,4,3,3,0,0
"699","AV01GZ",27,10,2,4,3,0,1
"700","AV01GZ",27,29,2,2,3,0,0
"701","AV01GZ",27,35,2,2,3,0,0
"702","AV01GZ",27,36,2,3,3,0,0
"703","AV01GZ",27,70,NA,NA,NA,NA,NA
"704","AV01GZ",27,71,NA,NA,NA,NA,NA
"705","AV01GZ",27,24,3,3,3,0,0
"706","AV01GZ",27,25,4,5,5,0,1
"707","AV01GZ",27,44,4,4,3,0,1
"708","AV01GZ",27,43,4,5,4,0,1
"709","AV01GZ",27,26,4,5,5,0,0
"710","AV01GZ",27,27,NA,NA,NA,NA,NA
"711","AV01GZ",27,9,2,3,2,0,1
"712","AV01GZ",27,61,3,3,3,0,0
"713","AV01GZ",27,62,4,5,4,0,1
"714","AV01GZ",27,72,NA,NA,NA,NA,NA
"715","AV01GZ",27,41,3,4,5,0,0
"716","AV01GZ",27,37,3,4,3,0,1
"717","AV01GZ",27,39,2,5,5,0,1
"718","AV01GZ",27,6,2,2,3,0,0
"719","AV01GZ",27,7,2,5,2,0,1
"720","AV01GZ",27,42,3,5,3,0,0
"721","AV01GZ",27,5,3,4,1,0,0
"722","AV01GZ",27,51,4,2,2,0,0
"723","AV01GZ",27,40,3,4,4,0,1
"724","AV01GZ",27,57,4,6,4,0,0
"725","AV01GZ",27,4,3,4,3,0,1
"726","AV01GZ",27,52,4,2,3,0,0
"727","AV01GZ",27,53,4,6,4,0,1
"728","AV01GZ",27,54,2,2,4,0,0
"729","AW07RB",35,43,2,4,3,0,1
"730","AW07RB",35,44,2,3,3,0,1
"731","AW07RB",35,45,2,4,4,0,1
"732","AW07RB",35,46,2,4,3,0,1
"733","AW07RB",35,47,2,3,3,0,0
"734","AW07RB",35,48,3,4,3,0,1
"735","AW07RB",35,49,3,4,4,0,1
"736","AW07RB",35,50,2,4,4,0,1
"737","AW07RB",35,51,2,4,3,0,0
"738","AW07RB",35,52,1,NA,NA,NA,NA
"739","AW07RB",35,53,3,5,4,0,1
"740","AW07RB",35,54,1,NA,NA,NA,NA
"741","AW07RB",35,4,1,NA,NA,NA,NA
"742","AW07RB",35,5,2,5,4,0,1
"743","AW07RB",35,6,2,4,4,0,1
"744","AW07RB",35,7,3,4,3,0,1
"745","AW07RB",35,9,2,4,3,0,1
"746","AW07RB",35,10,2,4,4,0,1
"747","AW07RB",35,12,3,5,4,0,1
"748","AW07RB",35,13,2,4,4,0,0
"749","AW07RB",35,15,2,4,4,0,0
"750","AW07RB",35,17,4,4,3,0,1
"751","AW07RB",35,18,3,5,4,0,1
"752","AW07RB",35,19,4,5,4,1,1
"753","AW07RB",35,21,3,4,4,0,0
"754","AW07RB",35,22,4,5,4,0,1
"755","AW07RB",35,23,1,NA,NA,NA,NA
"756","AW07RB",35,24,4,5,4,0,0
"757","AW07RB",35,25,1,NA,NA,NA,NA
"758","AW07RB",35,26,1,NA,NA,NA,NA
"759","AW07RB",35,27,2,4,3,0,1
"760","AW07RB",35,28,4,4,4,0,1
"761","AW07RB",35,29,4,5,4,0,1
"762","AW07RB",35,35,NA,NA,NA,NA,NA
"763","AW07RB",35,36,4,5,4,1,1
"764","AW07RB",35,37,4,5,4,0,1
"765","AW07RB",35,39,4,5,4,0,1
"766","AW07RB",35,40,3,4,4,0,1
"767","AW07RB",35,41,2,4,3,0,1
"768","AW07RB",35,42,3,4,2,0,1
"769","AW07RB",35,61,4,5,4,0,1
"770","AW07RB",35,62,4,5,4,0,1
"771","AW07RB",35,63,3,4,3,0,0
"772","AW07RB",35,64,3,5,4,0,1
"773","AW07RB",35,65,1,NA,NA,NA,NA
"774","AW07RB",35,66,2,3,3,0,1
"775","AW07RB",35,68,3,4,4,0,0
"776","AW07RB",35,69,NA,NA,NA,NA,NA
"777","AW07RB",35,70,NA,NA,NA,NA,NA
"778","AW07RB",35,71,NA,NA,NA,NA,NA
"779","AW07RB",35,72,NA,NA,NA,NA,NA
"780","AW07RB",35,57,2,5,3,0,1
"781","AW10DU",43,9,1,NA,NA,NA,NA
"782","AW10DU",43,10,2,4,4,0,0
"783","AW10DU",43,12,2,5,4,0,1
"784","AW10DU",43,53,4,5,4,0,0
"785","AW10DU",43,4,4,6,5,1,0
"786","AW10DU",43,5,2,4,4,0,0
"787","AW10DU",43,6,3,4,3,0,0
"788","AW10DU",43,7,2,5,4,0,1
"789","AW10DU",43,45,4,4,4,0,0
"790","AW10DU",43,46,2,5,4,0,0
"791","AW10DU",43,47,2,5,4,0,0
"792","AW10DU",43,48,3,3,3,0,0
"793","AW10DU",43,49,2,4,4,0,0
"794","AW10DU",43,50,4,6,4,0,0
"795","AW10DU",43,51,2,3,3,0,1
"796","AW10DU",43,52,2,4,4,0,0
"797","AW10DU",43,19,2,4,4,0,0
"798","AW10DU",43,54,2,4,4,0,0
"799","AW10DU",43,57,3,5,4,0,0
"800","AW10DU",43,61,2,4,4,0,0
"801","AW10DU",43,62,3,4,3,0,0
"802","AW10DU",43,63,3,4,4,0,0
"803","AW10DU",43,64,2,4,4,0,0
"804","AW10DU",43,65,2,4,4,0,0
"805","AW10DU",43,66,2,4,4,0,0
"806","AW10DU",43,13,2,5,4,0,0
"807","AW10DU",43,15,3,6,4,0,0
"808","AW10DU",43,17,3,5,3,0,0
"809","AW10DU",43,18,3,5,4,0,0
"810","AW10DU",43,39,2,4,4,0,1
"811","AW10DU",43,40,2,4,4,0,1
"812","AW10DU",43,41,2,5,4,0,0
"813","AW10DU",43,42,2,5,4,0,0
"814","AW10DU",43,43,NA,NA,NA,NA,NA
"815","AW10DU",43,44,5,5,4,0,1
"816","AW10DU",43,25,2,4,4,0,0
"817","AW10DU",43,26,5,5,4,0,0
"818","AW10DU",43,27,4,6,4,0,0
"819","AW10DU",43,28,2,4,4,0,0
"820","AW10DU",43,68,2,3,3,0,1
"821","AW10DU",43,69,NA,NA,NA,NA,NA
"822","AW10DU",43,70,NA,NA,NA,NA,NA
"823","AW10DU",43,71,NA,NA,NA,NA,NA
"824","AW10DU",43,72,NA,NA,NA,NA,NA
"825","AW10DU",43,21,2,4,4,0,0
"826","AW10DU",43,22,2,4,4,0,0
"827","AW10DU",43,23,5,6,5,0,0
"828","AW10DU",43,24,2,4,4,0,0
"829","AW10DU",43,29,2,5,4,0,1
"830","AW10DU",43,35,3,4,4,0,0
"831","AW10DU",43,36,2,4,4,0,1
"832","AW10DU",43,37,3,5,4,0,1
"833","BJ04LG",44,54,1,NA,NA,NA,NA
"834","BJ04LG",44,66,3,5,5,0,1
"835","BJ04LG",44,49,2,4,4,0,1
"836","BJ04LG",44,50,4,6,5,0,1
"837","BJ04LG",44,51,2,3,4,0,1
"838","BJ04LG",44,52,2,5,5,0,1
"839","BJ04LG",44,53,3,5,5,0,0
"840","BJ04LG",44,39,2,5,5,0,1
"841","BJ04LG",44,57,3,3,3,0,1
"842","BJ04LG",44,61,2,5,5,0,0
"843","BJ04LG",44,62,4,6,5,0,1
"844","BJ04LG",44,63,3,5,5,0,0
"845","BJ04LG",44,64,2,4,5,0,0
"846","BJ04LG",44,65,2,4,4,0,1
"847","BJ04LG",44,46,2,4,4,0,0
"848","BJ04LG",44,47,2,4,5,0,1
"849","BJ04LG",44,48,2,5,5,0,0
"850","BJ04LG",44,69,NA,NA,NA,NA,NA
"851","BJ04LG",44,70,NA,NA,NA,NA,NA
"852","BJ04LG",44,71,NA,NA,NA,NA,NA
"853","BJ04LG",44,72,NA,NA,NA,NA,NA
"854","BJ04LG",44,40,2,4,4,0,1
"855","BJ04LG",44,41,2,4,5,0,0
"856","BJ04LG",44,42,1,NA,NA,NA,NA
"857","BJ04LG",44,43,5,6,6,1,1
"858","BJ04LG",44,44,NA,NA,NA,NA,NA
"859","BJ04LG",44,45,4,2,3,0,0
"860","BJ04LG",44,7,2,6,5,0,1
"861","BJ04LG",44,9,2,4,4,0,1
"862","BJ04LG",44,68,1,NA,NA,NA,NA
"863","BJ04LG",44,29,2,5,5,0,1
"864","BJ04LG",44,35,2,4,4,0,0
"865","BJ04LG",44,36,2,5,4,0,1
"866","BJ04LG",44,37,2,4,4,0,1
"867","BJ04LG",44,17,4,5,5,0,1
"868","BJ04LG",44,18,4,5,5,0,1
"869","BJ04LG",44,19,1,NA,NA,NA,NA
"870","BJ04LG",44,4,5,6,6,1,1
"871","BJ04LG",44,5,1,NA,NA,NA,NA
"872","BJ04LG",44,6,3,6,5,0,1
"873","BJ04LG",44,26,5,6,6,1,1
"874","BJ04LG",44,27,4,5,5,0,1
"875","BJ04LG",44,28,2,3,4,0,1
"876","BJ04LG",44,10,2,5,4,0,1
"877","BJ04LG",44,12,2,5,4,0,1
"878","BJ04LG",44,13,1,NA,NA,NA,NA
"879","BJ04LG",44,15,3,5,4,0,0
"880","BJ04LG",44,22,2,5,5,0,0
"881","BJ04LG",44,23,5,6,6,1,1
"882","BJ04LG",44,24,3,4,4,0,1
"883","BJ04LG",44,21,2,4,4,0,1
"884","BJ04LG",44,25,2,5,5,0,1
"885","BJ05HG",5,39,1,NA,NA,NA,NA
"886","BJ05HG",5,40,2,4,4,0,1
"887","BJ05HG",5,43,2,4,4,0,1
"888","BJ05HG",5,44,1,NA,NA,NA,NA
"889","BJ05HG",5,37,3,4,4,0,0
"890","BJ05HG",5,18,4,5,4,0,0
"891","BJ05HG",5,19,2,4,4,0,0
"892","BJ05HG",5,36,3,4,4,0,0
"893","BJ05HG",5,42,2,3,3,0,0
"894","BJ05HG",5,24,2,3,4,0,0
"895","BJ05HG",5,21,1,NA,NA,NA,NA
"896","BJ05HG",5,41,3,4,4,0,0
"897","BJ05HG",5,46,3,4,4,0,0
"898","BJ05HG",5,47,4,6,5,1,1
"899","BJ05HG",5,25,3,4,2,0,0
"900","BJ05HG",5,45,2,4,4,0,1
"901","BJ05HG",5,17,3,4,4,0,1
"902","BJ05HG",5,65,2,4,4,0,1
"903","BJ05HG",5,66,4,5,4,0,1
"904","BJ05HG",5,68,1,NA,NA,NA,NA
"905","BJ05HG",5,22,3,5,4,0,1
"906","BJ05HG",5,23,2,3,3,0,1
"907","BJ05HG",5,71,NA,NA,NA,NA,NA
"908","BJ05HG",5,72,NA,NA,NA,NA,NA
"909","BJ05HG",5,6,2,4,4,0,0
"910","BJ05HG",5,7,3,4,3,0,1
"911","BJ05HG",5,26,2,5,4,0,1
"912","BJ05HG",5,27,3,3,4,0,1
"913","BJ05HG",5,28,3,4,4,0,1
"914","BJ05HG",5,48,3,4,4,0,0
"915","BJ05HG",5,35,2,2,3,0,0
"916","BJ05HG",5,64,2,3,3,0,0
"917","BJ05HG",5,49,2,4,4,0,0
"918","BJ05HG",5,69,NA,NA,NA,NA,NA
"919","BJ05HG",5,70,NA,NA,NA,NA,NA
"920","BJ05HG",5,4,4,4,4,0,1
"921","BJ05HG",5,5,NA,NA,NA,NA,NA
"922","BJ05HG",5,52,3,3,4,0,1
"923","BJ05HG",5,53,4,4,3,0,1
"924","BJ05HG",5,9,4,4,4,0,1
"925","BJ05HG",5,10,3,4,4,0,1
"926","BJ05HG",5,12,2,3,3,0,1
"927","BJ05HG",5,29,2,4,4,0,0
"928","BJ05HG",5,15,3,4,4,0,1
"929","BJ05HG",5,50,4,5,3,0,1
"930","BJ05HG",5,51,4,4,3,0,0
"931","BJ05HG",5,61,3,4,4,0,1
"932","BJ05HG",5,13,4,6,5,1,0
"933","BJ05HG",5,54,4,5,5,0,1
"934","BJ05HG",5,57,4,2,5,0,0
"935","BJ05HG",5,63,1,NA,NA,NA,NA
"936","BJ05HG",5,62,4,5,5,0,1
"937","BK02MH",64,45,3,4,4,0,0
"938","BK02MH",64,46,4,5,3,0,0
"939","BK02MH",64,47,4,5,4,0,0
"940","BK02MH",64,17,1,NA,NA,NA,NA
"941","BK02MH",64,18,3,5,3,0,0
"942","BK02MH",64,19,4,5,4,0,0
"943","BK02MH",64,48,6,6,6,1,1
"944","BK02MH",64,44,2,3,3,0,0
"945","BK02MH",64,10,2,4,4,0,0
"946","BK02MH",64,12,1,NA,NA,NA,NA
"947","BK02MH",64,13,1,NA,NA,NA,NA
"948","BK02MH",64,15,2,4,4,0,0
"949","BK02MH",64,65,4,5,4,0,0
"950","BK02MH",64,66,1,NA,NA,NA,NA
"951","BK02MH",64,49,2,3,4,0,0
"952","BK02MH",64,21,3,2,4,0,0
"953","BK02MH",64,22,3,3,3,0,0
"954","BK02MH",64,23,1,NA,NA,NA,NA
"955","BK02MH",64,24,4,6,6,0,0
"956","BK02MH",64,43,2,4,4,0,0
"957","BK02MH",64,42,4,4,2,0,0
"958","BK02MH",64,25,2,4,4,0,0
"959","BK02MH",64,62,3,6,4,0,1
"960","BK02MH",64,63,2,1,3,0,0
"961","BK02MH",64,64,NA,NA,NA,NA,NA
"962","BK02MH",64,28,3,3,3,0,0
"963","BK02MH",64,29,2,3,3,0,0
"964","BK02MH",64,68,1,NA,NA,NA,NA
"965","BK02MH",64,69,NA,NA,NA,NA,NA
"966","BK02MH",64,70,NA,NA,NA,NA,NA
"967","BK02MH",64,71,NA,NA,NA,NA,NA
"968","BK02MH",64,72,NA,NA,NA,NA,NA
"969","BK02MH",64,41,3,4,4,0,0
"970","BK02MH",64,6,2,5,3,0,1
"971","BK02MH",64,7,3,4,5,0,0
"972","BK02MH",64,9,4,4,4,0,1
"973","BK02MH",64,61,3,4,4,0,0
"974","BK02MH",64,26,2,4,3,0,0
"975","BK02MH",64,27,3,4,4,0,1
"976","BK02MH",64,39,4,6,4,0,0
"977","BK02MH",64,35,2,2,2,0,0
"978","BK02MH",64,36,3,4,3,0,0
"979","BK02MH",64,37,3,4,4,0,0
"980","BK02MH",64,54,2,3,3,0,0
"981","BK02MH",64,40,2,3,4,0,0
"982","BK02MH",64,5,2,4,4,0,0
"983","BK02MH",64,53,2,4,4,0,0
"984","BK02MH",64,50,2,4,4,0,0
"985","BK02MH",64,57,4,4,3,0,1
"986","BK02MH",64,4,2,1,3,0,0
"987","BK02MH",64,52,4,2,3,0,0
"988","BK02MH",64,51,2,1,3,0,0
"989","BK07DN",54,39,2,3,3,0,0
"990","BK07DN",54,40,2,3,3,0,1
"991","BK07DN",54,7,2,3,3,0,0
"992","BK07DN",54,70,NA,NA,NA,NA,NA
"993","BK07DN",54,37,2,3,3,0,0
"994","BK07DN",54,69,NA,NA,NA,NA,NA
"995","BK07DN",54,42,1,NA,NA,NA,NA
"996","BK07DN",54,43,2,4,3,0,1
"997","BK07DN",54,41,2,3,3,0,0
"998","BK07DN",54,36,2,3,3,0,0
"999","BK07DN",54,68,2,3,3,0,0
"1000","BK07DN",54,26,2,3,3,0,0
"1001","BK07DN",54,71,NA,NA,NA,NA,NA
"1002","BK07DN",54,72,NA,NA,NA,NA,NA
"1003","BK07DN",54,12,3,4,3,0,1
"1004","BK07DN",54,13,4,5,3,0,0
"1005","BK07DN",54,9,2,3,3,0,0
"1006","BK07DN",54,10,2,3,3,0,1
"1007","BK07DN",54,35,2,3,3,0,0
"1008","BK07DN",54,27,3,2,3,0,0
"1009","BK07DN",54,15,2,3,3,0,0
"1010","BK07DN",54,44,1,NA,NA,NA,NA
"1011","BK07DN",54,49,1,NA,NA,NA,NA
"1012","BK07DN",54,50,2,4,3,0,1
"1013","BK07DN",54,48,2,3,3,0,0
"1014","BK07DN",54,25,3,3,3,0,0
"1015","BK07DN",54,53,3,3,3,0,1
"1016","BK07DN",54,17,2,3,3,0,0
"1017","BK07DN",54,51,2,2,3,0,0
"1018","BK07DN",54,52,1,NA,NA,NA,NA
"1019","BK07DN",54,29,2,4,3,0,1
"1020","BK07DN",54,28,3,3,3,0,0
"1021","BK07DN",54,6,2,3,3,0,0
"1022","BK07DN",54,5,4,5,4,0,1
"1023","BK07DN",54,4,2,3,3,0,0
"1024","BK07DN",54,46,2,3,3,0,0
"1025","BK07DN",54,54,NA,NA,NA,NA,NA
"1026","BK07DN",54,18,4,4,3,0,1
"1027","BK07DN",54,45,3,4,3,0,1
"1028","BK07DN",54,19,2,3,3,0,1
"1029","BK07DN",54,66,3,4,4,0,1
"1030","BK07DN",54,47,4,4,3,0,0
"1031","BK07DN",54,24,2,3,3,0,0
"1032","BK07DN",54,65,2,3,3,0,1
"1033","BK07DN",54,21,1,NA,NA,NA,NA
"1034","BK07DN",54,22,3,4,3,0,0
"1035","BK07DN",54,57,3,3,3,0,0
"1036","BK07DN",54,64,2,3,3,0,0
"1037","BK07DN",54,61,2,3,3,0,0
"1038","BK07DN",54,62,3,5,4,0,1
"1039","BK07DN",54,23,2,2,3,0,0
"1040","BK07DN",54,63,2,3,3,0,0
"1041","CO06HE",51,61,4,5,4,0,1
"1042","CO06HE",51,35,1,NA,NA,NA,NA
"1043","CO06HE",51,57,4,5,4,0,0
"1044","CO06HE",51,72,NA,NA,NA,NA,NA
"1045","CO06HE",51,36,2,6,4,0,1
"1046","CO06HE",51,54,1,NA,NA,NA,NA
"1047","CO06HE",51,39,2,5,4,0,0
"1048","CO06HE",51,9,4,5,4,0,1
"1049","CO06HE",51,62,2,5,4,0,1
"1050","CO06HE",51,63,1,NA,NA,NA,NA
"1051","CO06HE",51,69,NA,NA,NA,NA,NA
"1052","CO06HE",51,64,2,4,4,0,1
"1053","CO06HE",51,10,3,5,4,0,0
"1054","CO06HE",51,37,3,3,4,0,1
"1055","CO06HE",51,53,2,4,4,0,0
"1056","CO06HE",51,29,3,6,4,0,1
"1057","CO06HE",51,65,5,6,6,1,1
"1058","CO06HE",51,68,1,NA,NA,NA,NA
"1059","CO06HE",51,66,4,5,4,0,1
"1060","CO06HE",51,12,1,NA,NA,NA,NA
"1061","CO06HE",51,49,3,6,4,0,1
"1062","CO06HE",51,48,2,4,4,0,1
"1063","CO06HE",51,52,5,6,6,1,1
"1064","CO06HE",51,4,4,6,5,0,1
"1065","CO06HE",51,40,3,5,5,0,1
"1066","CO06HE",51,41,2,4,4,0,1
"1067","CO06HE",51,25,2,3,3,0,0
"1068","CO06HE",51,51,5,4,4,1,1
"1069","CO06HE",51,50,3,6,4,0,1
"1070","CO06HE",51,26,2,4,4,0,0
"1071","CO06HE",51,13,2,4,4,1,0
"1072","CO06HE",51,15,2,4,4,0,0
"1073","CO06HE",51,42,3,4,4,0,1
"1074","CO06HE",51,5,4,5,4,0,1
"1075","CO06HE",51,70,NA,NA,NA,NA,NA
"1076","CO06HE",51,71,NA,NA,NA,NA,NA
"1077","CO06HE",51,7,4,5,4,0,1
"1078","CO06HE",51,27,3,3,4,0,0
"1079","CO06HE",51,47,2,4,4,0,1
"1080","CO06HE",51,43,2,5,4,0,1
"1081","CO06HE",51,6,3,6,4,0,1
"1082","CO06HE",51,17,2,4,4,0,0
"1083","CO06HE",51,18,3,4,4,0,1
"1084","CO06HE",51,24,3,5,4,0,1
"1085","CO06HE",51,19,1,NA,NA,NA,NA
"1086","CO06HE",51,28,3,5,4,0,0
"1087","CO06HE",51,46,3,5,4,0,1
"1088","CO06HE",51,23,2,4,4,0,1
"1089","CO06HE",51,44,2,5,4,0,0
"1090","CO06HE",51,45,4,6,5,0,1
"1091","CO06HE",51,22,3,4,4,0,1
"1092","CO06HE",51,21,1,NA,NA,NA,NA
"1093","CP06HG",22,15,3,4,4,0,0
"1094","CP06HG",22,19,2,3,3,0,0
"1095","CP06HG",22,25,2,3,3,0,0
"1096","CP06HG",22,17,4,5,3,0,0
"1097","CP06HG",22,18,4,4,4,0,0
"1098","CP06HG",22,24,4,6,5,0,1
"1099","CP06HG",22,13,1,NA,NA,NA,NA
"1100","CP06HG",22,64,2,2,3,0,0
"1101","CP06HG",22,65,3,5,4,0,1
"1102","CP06HG",22,66,1,NA,NA,NA,NA
"1103","CP06HG",22,68,1,NA,NA,NA,NA
"1104","CP06HG",22,21,2,4,4,0,0
"1105","CP06HG",22,22,NA,NA,NA,NA,NA
"1106","CP06HG",22,23,1,NA,NA,NA,NA
"1107","CP06HG",22,72,NA,NA,NA,NA,NA
"1108","CP06HG",22,5,4,4,3,0,0
"1109","CP06HG",22,6,2,4,4,0,0
"1110","CP06HG",22,7,3,2,3,0,0
"1111","CP06HG",22,26,2,4,4,0,0
"1112","CP06HG",22,45,3,5,4,0,0
"1113","CP06HG",22,46,4,5,4,0,0
"1114","CP06HG",22,47,4,5,5,0,0
"1115","CP06HG",22,48,3,2,2,0,0
"1116","CP06HG",22,49,4,5,4,0,0
"1117","CP06HG",22,69,NA,NA,NA,NA,NA
"1118","CP06HG",22,70,NA,NA,NA,NA,NA
"1119","CP06HG",22,71,NA,NA,NA,NA,NA
"1120","CP06HG",22,4,3,4,4,0,0
"1121","CP06HG",22,40,3,5,4,0,0
"1122","CP06HG",22,41,3,4,4,0,0
"1123","CP06HG",22,42,4,5,4,0,0
"1124","CP06HG",22,9,1,NA,NA,NA,NA
"1125","CP06HG",22,10,2,2,3,0,0
"1126","CP06HG",22,12,1,NA,NA,NA,NA
"1127","CP06HG",22,27,3,5,4,0,0
"1128","CP06HG",22,28,1,NA,NA,NA,NA
"1129","CP06HG",22,29,4,4,4,0,0
"1130","CP06HG",22,35,2,3,4,0,0
"1131","CP06HG",22,36,3,4,4,0,0
"1132","CP06HG",22,37,2,1,3,0,0
"1133","CP06HG",22,39,1,NA,NA,NA,NA
"1134","CP06HG",22,52,1,NA,NA,NA,NA
"1135","CP06HG",22,53,4,5,4,0,1
"1136","CP06HG",22,54,1,NA,NA,NA,NA
"1137","CP06HG",22,43,2,3,3,0,0
"1138","CP06HG",22,44,1,NA,NA,NA,NA
"1139","CP06HG",22,62,4,5,4,0,0
"1140","CP06HG",22,63,1,NA,NA,NA,NA
"1141","CP06HG",22,50,4,6,5,0,1
"1142","CP06HG",22,51,2,3,3,0,0
"1143","CP06HG",22,61,4,5,4,0,0
"1144","CP06HG",22,57,4,4,5,0,0
"1145","CR08PS",36,13,2,4,3,0,1
"1146","CR08PS",36,6,2,5,4,0,0
"1147","CR08PS",36,5,3,6,5,0,1
"1148","CR08PS",36,12,4,6,6,0,1
"1149","CR08PS",36,47,3,6,5,0,1
"1150","CR08PS",36,15,3,5,5,0,0
"1151","CR08PS",36,17,2,4,4,0,1
"1152","CR08PS",36,18,3,6,5,0,1
"1153","CR08PS",36,19,4,6,6,0,1
"1154","CR08PS",36,21,3,5,4,0,1
"1155","CR08PS",36,4,2,6,4,0,1
"1156","CR08PS",36,54,1,NA,NA,NA,NA
"1157","CR08PS",36,57,4,6,5,0,1
"1158","CR08PS",36,7,2,4,4,0,1
"1159","CR08PS",36,9,3,3,3,0,1
"1160","CR08PS",36,10,2,4,4,0,1
"1161","CR08PS",36,46,2,4,4,0,0
"1162","CR08PS",36,65,2,4,4,0,1
"1163","CR08PS",36,48,4,6,6,0,1
"1164","CR08PS",36,49,2,4,4,0,0
"1165","CR08PS",36,50,2,4,4,0,1
"1166","CR08PS",36,51,2,3,2,0,0
"1167","CR08PS",36,52,4,5,4,0,1
"1168","CR08PS",36,53,3,5,4,0,1
"1169","CR08PS",36,22,3,4,4,0,0
"1170","CR08PS",36,23,2,5,4,0,1
"1171","CR08PS",36,61,3,5,5,0,1
"1172","CR08PS",36,62,4,6,6,0,1
"1173","CR08PS",36,63,2,3,3,0,0
"1174","CR08PS",36,64,4,6,6,0,1
"1175","CR08PS",36,27,1,NA,NA,NA,NA
"1176","CR08PS",36,66,2,4,4,0,1
"1177","CR08PS",36,68,1,NA,NA,NA,NA
"1178","CR08PS",36,69,NA,NA,NA,NA,NA
"1179","CR08PS",36,70,NA,NA,NA,NA,NA
"1180","CR08PS",36,71,NA,NA,NA,NA,NA
"1181","CR08PS",36,72,NA,NA,NA,NA,NA
"1182","CR08PS",36,39,3,6,6,0,1
"1183","CR08PS",36,40,1,NA,NA,NA,NA
"1184","CR08PS",36,41,4,6,5,0,0
"1185","CR08PS",36,24,4,6,5,0,1
"1186","CR08PS",36,25,3,5,4,0,1
"1187","CR08PS",36,26,2,4,4,0,1
"1188","CR08PS",36,45,2,4,4,0,0
"1189","CR08PS",36,35,4,6,6,0,1
"1190","CR08PS",36,36,NA,NA,NA,NA,NA
"1191","CR08PS",36,28,4,6,6,0,1
"1192","CR08PS",36,29,1,NA,NA,NA,NA
"1193","CR08PS",36,42,2,4,4,0,0
"1194","CR08PS",36,37,2,4,4,0,0
"1195","CR08PS",36,44,1,NA,NA,NA,NA
"1196","CR08PS",36,43,2,4,4,0,1
"1197","DP03MR",70,66,2,4,4,0,0
"1198","DP03MR",70,68,1,NA,NA,NA,NA
"1199","DP03MR",70,65,4,5,4,0,1
"1200","DP03MR",70,71,5,5,5,0,1
"1201","DP03MR",70,72,3,4,4,0,0
"1202","DP03MR",70,69,6,5,5,1,1
"1203","DP03MR",70,70,6,2,2,1,1
"1204","DP03MR",70,61,2,5,4,0,0
"1205","DP03MR",70,62,2,4,4,0,0
"1206","DP03MR",70,63,3,5,5,0,0
"1207","DP03MR",70,64,2,4,4,0,0
"1208","DP03MR",70,27,2,4,4,0,0
"1209","DP03MR",70,28,1,NA,NA,NA,NA
"1210","DP03MR",70,29,2,4,4,0,0
"1211","DP03MR",70,35,2,4,4,0,0
"1212","DP03MR",70,36,3,5,4,0,1
"1213","DP03MR",70,37,3,4,4,0,0
"1214","DP03MR",70,39,3,4,4,0,0
"1215","DP03MR",70,40,2,4,4,0,0
"1216","DP03MR",70,41,2,4,4,0,0
"1217","DP03MR",70,42,4,5,4,0,1
"1218","DP03MR",70,43,2,4,4,0,0
"1219","DP03MR",70,44,2,4,4,0,0
"1220","DP03MR",70,45,3,4,4,0,0
"1221","DP03MR",70,46,3,5,5,0,1
"1222","DP03MR",70,47,4,5,5,0,0
"1223","DP03MR",70,48,2,3,3,0,0
"1224","DP03MR",70,49,2,4,4,0,0
"1225","DP03MR",70,50,4,5,4,0,1
"1226","DP03MR",70,51,4,5,5,1,1
"1227","DP03MR",70,52,4,4,4,0,1
"1228","DP03MR",70,53,2,4,4,0,0
"1229","DP03MR",70,54,4,5,5,1,0
"1230","DP03MR",70,57,4,5,5,1,1
"1231","DP03MR",70,4,3,4,4,0,0
"1232","DP03MR",70,5,4,5,4,0,0
"1233","DP03MR",70,6,2,5,4,0,0
"1234","DP03MR",70,7,4,5,4,0,0
"1235","DP03MR",70,9,2,4,4,0,0
"1236","DP03MR",70,10,3,5,4,0,0
"1237","DP03MR",70,12,2,3,5,0,0
"1238","DP03MR",70,13,4,5,5,1,0
"1239","DP03MR",70,15,2,4,4,0,0
"1240","DP03MR",70,17,2,4,4,0,0
"1241","DP03MR",70,18,4,4,4,0,0
"1242","DP03MR",70,19,2,4,4,0,0
"1243","DP03MR",70,21,3,4,4,0,0
"1244","DP03MR",70,22,4,5,5,0,0
"1245","DP03MR",70,23,2,4,4,0,0
"1246","DP03MR",70,24,2,4,4,0,0
"1247","DP03MR",70,25,2,4,4,0,0
"1248","DP03MR",70,26,4,5,5,1,0
"1249","DW07BG",69,12,1,NA,NA,NA,NA
"1250","DW07BG",69,13,3,4,3,0,0
"1251","DW07BG",69,15,1,NA,NA,NA,NA
"1252","DW07BG",69,17,1,NA,NA,NA,NA
"1253","DW07BG",69,18,2,3,3,0,0
"1254","DW07BG",69,19,2,4,3,0,1
"1255","DW07BG",69,44,1,NA,NA,NA,NA
"1256","DW07BG",69,45,4,6,6,1,0
"1257","DW07BG",69,46,4,5,4,1,0
"1258","DW07BG",69,47,3,5,4,0,0
"1259","DW07BG",69,48,3,4,3,0,1
"1260","DW07BG",69,49,2,3,3,0,0
"1261","DW07BG",69,50,4,5,5,1,1
"1262","DW07BG",69,51,5,6,6,1,1
"1263","DW07BG",69,52,5,6,6,1,1
"1264","DW07BG",69,53,2,3,3,0,0
"1265","DW07BG",69,54,1,NA,NA,NA,NA
"1266","DW07BG",69,4,1,NA,NA,NA,NA
"1267","DW07BG",69,5,2,3,3,0,0
"1268","DW07BG",69,6,1,NA,NA,NA,NA
"1269","DW07BG",69,7,3,4,4,0,0
"1270","DW07BG",69,9,2,3,3,0,0
"1271","DW07BG",69,10,3,3,4,0,1
"1272","DW07BG",69,66,2,3,3,0,1
"1273","DW07BG",69,68,1,NA,NA,NA,NA
"1274","DW07BG",69,69,NA,NA,NA,NA,NA
"1275","DW07BG",69,70,4,5,5,1,0
"1276","DW07BG",69,71,4,5,5,1,0
"1277","DW07BG",69,72,3,4,4,0,0
"1278","DW07BG",69,21,1,NA,NA,NA,NA
"1279","DW07BG",69,22,5,6,5,1,1
"1280","DW07BG",69,23,2,3,3,0,0
"1281","DW07BG",69,24,1,NA,NA,NA,NA
"1282","DW07BG",69,25,1,NA,NA,NA,NA
"1283","DW07BG",69,26,4,5,4,0,0
"1284","DW07BG",69,27,1,NA,NA,NA,NA
"1285","DW07BG",69,28,3,3,3,0,0
"1286","DW07BG",69,29,1,NA,NA,NA,NA
"1287","DW07BG",69,35,2,3,3,0,0
"1288","DW07BG",69,36,1,NA,NA,NA,NA
"1289","DW07BG",69,37,1,NA,NA,NA,NA
"1290","DW07BG",69,39,1,NA,NA,NA,NA
"1291","DW07BG",69,40,1,NA,NA,NA,NA
"1292","DW07BG",69,41,1,NA,NA,NA,NA
"1293","DW07BG",69,42,5,6,6,1,0
"1294","DW07BG",69,43,2,4,3,0,0
"1295","DW07BG",69,62,1,NA,NA,NA,NA
"1296","DW07BG",69,63,3,4,3,0,0
"1297","DW07BG",69,64,2,3,3,0,0
"1298","DW07BG",69,65,4,6,5,1,1
"1299","DW07BG",69,61,1,NA,NA,NA,NA
"1300","DW07BG",69,57,5,6,6,1,0
"1301","EB04SD",57,15,2,5,4,0,0
"1302","EB04SD",57,13,3,6,5,0,0
"1303","EB04SD",57,17,2,5,4,0,0
"1304","EB04SD",57,18,3,5,4,0,0
"1305","EB04SD",57,19,3,5,4,0,0
"1306","EB04SD",57,51,4,5,4,0,0
"1307","EB04SD",57,52,3,5,5,0,0
"1308","EB04SD",57,35,2,4,4,0,0
"1309","EB04SD",57,72,NA,NA,NA,NA,NA
"1310","EB04SD",57,50,3,6,5,0,1
"1311","EB04SD",57,29,2,5,4,0,0
"1312","EB04SD",57,22,4,6,5,0,0
"1313","EB04SD",57,53,3,5,4,0,0
"1314","EB04SD",57,54,3,5,5,0,0
"1315","EB04SD",57,21,2,5,4,0,0
"1316","EB04SD",57,26,3,5,5,0,0
"1317","EB04SD",57,48,3,5,4,0,0
"1318","EB04SD",57,49,3,5,4,0,0
"1319","EB04SD",57,71,NA,NA,NA,NA,NA
"1320","EB04SD",57,70,NA,NA,NA,NA,NA
"1321","EB04SD",57,69,NA,NA,NA,NA,NA
"1322","EB04SD",57,12,3,6,5,0,0
"1323","EB04SD",57,36,4,6,5,0,0
"1324","EB04SD",57,37,3,5,4,0,0
"1325","EB04SD",57,57,NA,NA,NA,NA,NA
"1326","EB04SD",57,23,3,5,4,0,0
"1327","EB04SD",57,24,3,6,4,0,0
"1328","EB04SD",57,25,3,5,4,0,0
"1329","EB04SD",57,47,3,5,5,0,1
"1330","EB04SD",57,46,4,5,4,0,1
"1331","EB04SD",57,27,4,5,5,0,0
"1332","EB04SD",57,28,3,6,5,0,0
"1333","EB04SD",57,68,2,5,4,0,0
"1334","EB04SD",57,10,2,3,4,0,0
"1335","EB04SD",57,40,2,5,4,0,0
"1336","EB04SD",57,41,3,6,4,0,0
"1337","EB04SD",57,42,4,5,4,1,1
"1338","EB04SD",57,39,2,5,4,0,0
"1339","EB04SD",57,44,3,5,4,0,0
"1340","EB04SD",57,45,4,6,5,1,0
"1341","EB04SD",57,66,2,5,4,0,1
"1342","EB04SD",57,43,2,5,5,0,0
"1343","EB04SD",57,63,2,5,4,0,0
"1344","EB04SD",57,64,3,5,5,0,0
"1345","EB04SD",57,61,3,5,5,0,0
"1346","EB04SD",57,9,3,4,4,0,1
"1347","EB04SD",57,4,4,5,4,0,0
"1348","EB04SD",57,65,3,6,5,0,0
"1349","EB04SD",57,62,3,5,4,0,1
"1350","EB04SD",57,5,4,5,4,0,1
"1351","EB04SD",57,7,3,5,4,0,0
"1352","EB04SD",57,6,3,5,4,0,0
"1353","EH10ST",13,35,1,NA,NA,NA,NA
"1354","EH10ST",13,36,2,4,4,0,0
"1355","EH10ST",13,29,2,4,4,0,0
"1356","EH10ST",13,49,2,4,4,0,0
"1357","EH10ST",13,50,3,5,4,0,1
"1358","EH10ST",13,39,2,4,4,0,0
"1359","EH10ST",13,53,4,5,5,1,1
"1360","EH10ST",13,54,4,4,5,0,0
"1361","EH10ST",13,37,2,4,4,0,0
"1362","EH10ST",13,52,3,2,2,0,0
"1363","EH10ST",13,28,3,4,4,0,0
"1364","EH10ST",13,68,1,NA,NA,NA,NA
"1365","EH10ST",13,51,3,5,5,0,1
"1366","EH10ST",13,69,NA,NA,NA,NA,NA
"1367","EH10ST",13,70,NA,NA,NA,NA,NA
"1368","EH10ST",13,72,NA,NA,NA,NA,NA
"1369","EH10ST",13,48,2,4,4,0,0
"1370","EH10ST",13,57,4,5,5,0,1
"1371","EH10ST",13,61,2,4,4,0,0
"1372","EH10ST",13,62,4,5,5,1,1
"1373","EH10ST",13,12,1,NA,NA,NA,NA
"1374","EH10ST",13,65,3,5,5,0,1
"1375","EH10ST",13,27,3,4,4,0,0
"1376","EH10ST",13,26,1,NA,NA,NA,NA
"1377","EH10ST",13,25,4,5,5,0,0
"1378","EH10ST",13,6,3,4,4,0,1
"1379","EH10ST",13,47,6,6,5,1,1
"1380","EH10ST",13,7,2,4,4,0,1
"1381","EH10ST",13,9,3,4,4,0,0
"1382","EH10ST",13,71,NA,NA,NA,NA,NA
"1383","EH10ST",13,13,NA,NA,NA,NA,NA
"1384","EH10ST",13,40,2,4,4,0,0
"1385","EH10ST",13,41,2,4,4,0,0
"1386","EH10ST",13,63,1,NA,NA,NA,NA
"1387","EH10ST",13,64,2,4,4,0,0
"1388","EH10ST",13,4,4,5,5,0,1
"1389","EH10ST",13,66,4,5,5,1,1
"1390","EH10ST",13,5,4,4,4,0,1
"1391","EH10ST",13,24,4,4,4,0,0
"1392","EH10ST",13,10,2,5,4,0,1
"1393","EH10ST",13,15,4,5,5,0,0
"1394","EH10ST",13,17,3,5,5,0,1
"1395","EH10ST",13,18,5,6,5,1,1
"1396","EH10ST",13,19,2,4,4,0,0
"1397","EH10ST",13,21,1,NA,NA,NA,NA
"1398","EH10ST",13,22,4,4,5,0,1
"1399","EH10ST",13,23,1,NA,NA,NA,NA
"1400","EH10ST",13,46,4,5,5,0,1
"1401","EH10ST",13,42,2,5,4,0,0
"1402","EH10ST",13,43,1,NA,NA,NA,NA
"1403","EH10ST",13,44,1,NA,NA,NA,NA
"1404","EH10ST",13,45,3,4,4,0,1
"1405","ES08NB",28,66,2,2,3,0,0
"1406","ES08NB",28,65,4,3,3,0,0
"1407","ES08NB",28,68,3,4,4,0,0
"1408","ES08NB",28,69,NA,NA,NA,NA,NA
"1409","ES08NB",28,70,NA,NA,NA,NA,NA
"1410","ES08NB",28,12,4,6,5,0,1
"1411","ES08NB",28,7,2,3,4,0,0
"1412","ES08NB",28,9,3,2,2,0,0
"1413","ES08NB",28,10,2,5,4,0,0
"1414","ES08NB",28,17,2,3,3,0,1
"1415","ES08NB",28,18,2,4,4,0,1
"1416","ES08NB",28,19,3,3,4,0,0
"1417","ES08NB",28,72,NA,NA,NA,NA,NA
"1418","ES08NB",28,64,4,5,5,0,1
"1419","ES08NB",28,6,4,6,6,0,0
"1420","ES08NB",28,5,3,3,3,0,1
"1421","ES08NB",28,4,2,4,3,0,1
"1422","ES08NB",28,25,2,4,4,0,0
"1423","ES08NB",28,26,2,4,4,0,0
"1424","ES08NB",28,13,3,4,3,0,1
"1425","ES08NB",28,71,NA,NA,NA,NA,NA
"1426","ES08NB",28,15,3,4,4,0,0
"1427","ES08NB",28,52,2,3,3,0,1
"1428","ES08NB",28,53,4,5,5,0,0
"1429","ES08NB",28,54,2,5,4,0,1
"1430","ES08NB",28,57,3,3,2,0,0
"1431","ES08NB",28,61,3,4,5,0,0
"1432","ES08NB",28,62,4,5,4,0,1
"1433","ES08NB",28,63,3,5,5,0,0
"1434","ES08NB",28,24,3,5,4,0,1
"1435","ES08NB",28,44,2,4,4,0,0
"1436","ES08NB",28,45,3,5,5,0,0
"1437","ES08NB",28,27,3,4,4,0,1
"1438","ES08NB",28,28,NA,NA,NA,NA,NA
"1439","ES08NB",28,51,2,2,2,0,0
"1440","ES08NB",28,35,3,4,4,0,0
"1441","ES08NB",28,36,4,6,5,0,0
"1442","ES08NB",28,37,3,3,3,0,0
"1443","ES08NB",28,39,3,4,3,0,1
"1444","ES08NB",28,21,2,4,4,0,0
"1445","ES08NB",28,22,2,5,4,0,1
"1446","ES08NB",28,23,2,4,4,0,0
"1447","ES08NB",28,43,2,4,4,0,1
"1448","ES08NB",28,29,3,4,4,0,0
"1449","ES08NB",28,50,3,5,4,0,1
"1450","ES08NB",28,49,3,4,3,0,0
"1451","ES08NB",28,46,3,6,4,0,0
"1452","ES08NB",28,40,3,5,4,0,0
"1453","ES08NB",28,41,2,4,4,0,1
"1454","ES08NB",28,42,2,4,4,0,0
"1455","ES08NB",28,47,3,3,3,0,0
"1456","ES08NB",28,48,3,5,5,0,0
"1457","EW08CD",29,35,3,5,5,0,0
"1458","EW08CD",29,36,2,5,5,0,0
"1459","EW08CD",29,40,4,6,6,0,1
"1460","EW08CD",29,24,3,5,5,0,0
"1461","EW08CD",29,37,3,5,5,0,0
"1462","EW08CD",29,68,4,5,5,0,0
"1463","EW08CD",29,69,NA,NA,NA,NA,NA
"1464","EW08CD",29,65,2,5,4,0,1
"1465","EW08CD",29,39,3,5,5,0,0
"1466","EW08CD",29,28,3,3,3,0,1
"1467","EW08CD",29,29,NA,NA,NA,NA,NA
"1468","EW08CD",29,64,2,4,4,0,1
"1469","EW08CD",29,66,3,5,4,0,1
"1470","EW08CD",29,47,3,4,4,0,0
"1471","EW08CD",29,48,2,4,4,0,0
"1472","EW08CD",29,49,4,6,6,0,1
"1473","EW08CD",29,23,2,4,4,0,1
"1474","EW08CD",29,72,NA,NA,NA,NA,NA
"1475","EW08CD",29,41,4,6,5,0,0
"1476","EW08CD",29,42,2,4,4,0,0
"1477","EW08CD",29,50,4,5,5,0,1
"1478","EW08CD",29,27,2,4,4,0,1
"1479","EW08CD",29,26,3,5,5,0,1
"1480","EW08CD",29,25,2,5,5,0,0
"1481","EW08CD",29,22,4,5,5,0,0
"1482","EW08CD",29,46,3,5,4,0,0
"1483","EW08CD",29,5,3,6,5,0,1
"1484","EW08CD",29,6,3,5,5,0,1
"1485","EW08CD",29,7,2,5,4,0,1
"1486","EW08CD",29,9,4,4,3,0,0
"1487","EW08CD",29,51,3,5,5,0,1
"1488","EW08CD",29,13,2,6,5,0,0
"1489","EW08CD",29,15,2,5,4,0,1
"1490","EW08CD",29,17,3,5,5,0,0
"1491","EW08CD",29,43,2,5,5,0,0
"1492","EW08CD",29,44,2,5,4,0,1
"1493","EW08CD",29,21,2,5,5,0,0
"1494","EW08CD",29,45,2,4,3,0,0
"1495","EW08CD",29,4,3,5,5,0,1
"1496","EW08CD",29,70,NA,NA,NA,NA,NA
"1497","EW08CD",29,52,3,5,5,0,1
"1498","EW08CD",29,53,3,5,4,0,0
"1499","EW08CD",29,54,1,NA,NA,NA,NA
"1500","EW08CD",29,18,3,6,5,0,0
"1501","EW08CD",29,19,2,2,3,0,0
"1502","EW08CD",29,62,3,4,4,0,1
"1503","EW08CD",29,63,2,4,4,0,0
"1504","EW08CD",29,57,2,3,3,0,0
"1505","EW08CD",29,71,NA,NA,NA,NA,NA
"1506","EW08CD",29,12,2,5,5,0,1
"1507","EW08CD",29,61,4,4,4,0,0
"1508","EW08CD",29,10,2,4,4,0,1
"1509","GG08IT",39,23,4,5,4,0,1
"1510","GG08IT",39,18,2,6,5,0,1
"1511","GG08IT",39,72,NA,NA,NA,NA,NA
"1512","GG08IT",39,24,4,6,5,0,0
"1513","GG08IT",39,22,3,4,3,0,0
"1514","GG08IT",39,44,3,5,4,0,1
"1515","GG08IT",39,41,4,6,5,0,0
"1516","GG08IT",39,42,3,6,4,0,0
"1517","GG08IT",39,43,3,5,4,0,1
"1518","GG08IT",39,17,3,6,4,0,1
"1519","GG08IT",39,68,1,NA,NA,NA,NA
"1520","GG08IT",39,19,2,2,4,0,1
"1521","GG08IT",39,21,4,5,3,0,0
"1522","GG08IT",39,71,NA,NA,NA,NA,NA
"1523","GG08IT",39,40,4,4,3,0,1
"1524","GG08IT",39,4,2,3,3,0,0
"1525","GG08IT",39,5,2,6,4,0,0
"1526","GG08IT",39,6,3,2,3,0,1
"1527","GG08IT",39,7,3,6,4,0,1
"1528","GG08IT",39,45,3,5,4,0,0
"1529","GG08IT",39,46,3,5,5,0,0
"1530","GG08IT",39,47,4,4,3,0,0
"1531","GG08IT",39,48,4,6,4,0,0
"1532","GG08IT",39,49,4,5,3,0,0
"1533","GG08IT",39,69,NA,NA,NA,NA,NA
"1534","GG08IT",39,70,NA,NA,NA,NA,NA
"1535","GG08IT",39,39,NA,NA,NA,NA,NA
"1536","GG08IT",39,51,3,4,4,0,0
"1537","GG08IT",39,52,4,3,3,0,1
"1538","GG08IT",39,53,2,4,4,0,1
"1539","GG08IT",39,54,2,3,3,0,0
"1540","GG08IT",39,25,3,3,3,0,0
"1541","GG08IT",39,9,4,5,4,0,0
"1542","GG08IT",39,10,3,5,5,0,1
"1543","GG08IT",39,12,2,6,4,0,1
"1544","GG08IT",39,13,2,4,4,0,0
"1545","GG08IT",39,15,2,4,4,0,0
"1546","GG08IT",39,66,2,5,4,0,1
"1547","GG08IT",39,35,4,2,3,0,0
"1548","GG08IT",39,50,3,6,4,0,1
"1549","GG08IT",39,37,4,5,4,0,1
"1550","GG08IT",39,61,3,4,3,0,0
"1551","GG08IT",39,62,2,4,4,0,1
"1552","GG08IT",39,63,2,3,3,0,0
"1553","GG08IT",39,57,2,5,4,0,0
"1554","GG08IT",39,65,4,4,4,0,1
"1555","GG08IT",39,29,4,4,3,0,1
"1556","GG08IT",39,64,4,5,4,0,1
"1557","GG08IT",39,27,2,3,3,0,1
"1558","GG08IT",39,28,3,3,4,0,0
"1559","GG08IT",39,36,4,5,5,0,0
"1560","GG08IT",39,26,3,5,4,0,1
"1561","HE01DN",18,50,3,4,4,0,1
"1562","HE01DN",18,54,4,4,4,0,0
"1563","HE01DN",18,53,5,6,5,1,0
"1564","HE01DN",18,62,5,6,6,1,1
"1565","HE01DN",18,51,3,4,4,0,1
"1566","HE01DN",18,57,4,4,4,0,1
"1567","HE01DN",18,61,2,4,4,0,0
"1568","HE01DN",18,49,2,4,4,0,0
"1569","HE01DN",18,48,3,4,4,0,0
"1570","HE01DN",18,28,2,4,4,0,1
"1571","HE01DN",18,52,3,4,4,0,0
"1572","HE01DN",18,72,NA,NA,NA,NA,NA
"1573","HE01DN",18,17,4,5,4,0,1
"1574","HE01DN",18,18,NA,NA,NA,NA,NA
"1575","HE01DN",18,19,2,3,3,0,0
"1576","HE01DN",18,21,2,3,3,0,0
"1577","HE01DN",18,22,4,5,5,0,1
"1578","HE01DN",18,23,2,4,3,0,0
"1579","HE01DN",18,24,4,5,5,0,1
"1580","HE01DN",18,25,5,5,5,0,0
"1581","HE01DN",18,26,4,4,4,0,0
"1582","HE01DN",18,27,4,4,4,0,0
"1583","HE01DN",18,47,4,5,4,0,1
"1584","HE01DN",18,69,NA,NA,NA,NA,NA
"1585","HE01DN",18,70,NA,NA,NA,NA,NA
"1586","HE01DN",18,71,NA,NA,NA,NA,NA
"1587","HE01DN",18,36,4,5,4,0,1
"1588","HE01DN",18,39,3,5,4,0,1
"1589","HE01DN",18,40,2,4,4,0,0
"1590","HE01DN",18,41,2,4,4,0,1
"1591","HE01DN",18,42,3,4,4,0,1
"1592","HE01DN",18,43,2,4,4,0,0
"1593","HE01DN",18,44,4,4,4,0,0
"1594","HE01DN",18,45,3,4,4,0,1
"1595","HE01DN",18,46,4,4,4,0,0
"1596","HE01DN",18,68,1,NA,NA,NA,NA
"1597","HE01DN",18,10,2,4,4,0,0
"1598","HE01DN",18,29,3,5,4,0,1
"1599","HE01DN",18,35,2,3,3,0,0
"1600","HE01DN",18,15,4,5,4,0,1
"1601","HE01DN",18,37,3,4,4,0,0
"1602","HE01DN",18,64,3,4,4,0,1
"1603","HE01DN",18,65,3,5,4,0,1
"1604","HE01DN",18,4,4,5,4,0,1
"1605","HE01DN",18,63,2,4,4,0,0
"1606","HE01DN",18,12,2,4,4,0,1
"1607","HE01DN",18,66,4,5,5,0,1
"1608","HE01DN",18,9,3,4,4,0,1
"1609","HE01DN",18,5,4,5,4,0,1
"1610","HE01DN",18,13,5,6,5,1,0
"1611","HE01DN",18,7,3,5,4,0,1
"1612","HE01DN",18,6,2,4,4,0,1
"1613","HP07WR",26,36,3,2,3,0,0
"1614","HP07WR",26,37,2,4,4,0,1
"1615","HP07WR",26,39,2,6,5,0,1
"1616","HP07WR",26,41,3,4,4,0,0
"1617","HP07WR",26,66,3,6,6,0,1
"1618","HP07WR",26,68,1,NA,NA,NA,NA
"1619","HP07WR",26,40,3,5,5,0,1
"1620","HP07WR",26,35,2,3,3,0,0
"1621","HP07WR",26,71,NA,NA,NA,NA,NA
"1622","HP07WR",26,42,2,5,5,0,0
"1623","HP07WR",26,69,NA,NA,NA,NA,NA
"1624","HP07WR",26,70,NA,NA,NA,NA,NA
"1625","HP07WR",26,26,NA,NA,NA,NA,NA
"1626","HP07WR",26,25,2,5,5,0,1
"1627","HP07WR",26,6,2,3,3,0,1
"1628","HP07WR",26,7,3,5,5,0,1
"1629","HP07WR",26,9,3,3,4,0,0
"1630","HP07WR",26,10,2,5,4,0,1
"1631","HP07WR",26,12,2,3,3,0,1
"1632","HP07WR",26,72,NA,NA,NA,NA,NA
"1633","HP07WR",26,29,3,5,5,0,1
"1634","HP07WR",26,65,2,4,4,0,1
"1635","HP07WR",26,5,2,4,4,0,0
"1636","HP07WR",26,24,1,NA,NA,NA,NA
"1637","HP07WR",26,48,2,3,3,0,0
"1638","HP07WR",26,49,2,3,3,0,0
"1639","HP07WR",26,50,4,6,6,0,1
"1640","HP07WR",26,51,2,4,4,0,0
"1641","HP07WR",26,52,2,4,4,0,1
"1642","HP07WR",26,15,4,6,6,0,0
"1643","HP07WR",26,43,5,5,5,1,1
"1644","HP07WR",26,44,5,6,6,1,1
"1645","HP07WR",26,28,2,2,3,0,0
"1646","HP07WR",26,27,4,6,5,0,1
"1647","HP07WR",26,46,2,5,5,0,0
"1648","HP07WR",26,23,5,6,6,1,0
"1649","HP07WR",26,47,2,4,4,0,0
"1650","HP07WR",26,19,1,NA,NA,NA,NA
"1651","HP07WR",26,53,3,6,5,0,0
"1652","HP07WR",26,17,4,6,6,0,1
"1653","HP07WR",26,18,3,6,6,0,1
"1654","HP07WR",26,4,5,6,6,1,1
"1655","HP07WR",26,45,4,3,3,0,0
"1656","HP07WR",26,22,3,4,4,0,1
"1657","HP07WR",26,64,2,3,3,0,0
"1658","HP07WR",26,57,2,4,4,0,0
"1659","HP07WR",26,61,2,5,5,0,1
"1660","HP07WR",26,13,1,NA,NA,NA,NA
"1661","HP07WR",26,54,3,5,5,0,0
"1662","HP07WR",26,21,2,3,3,0,0
"1663","HP07WR",26,63,2,1,4,0,0
"1664","HP07WR",26,62,3,2,4,0,0
"1665","IK09SZ",63,15,3,6,4,0,1
"1666","IK09SZ",63,13,2,4,3,0,1
"1667","IK09SZ",63,17,3,5,3,0,1
"1668","IK09SZ",63,18,2,4,3,0,1
"1669","IK09SZ",63,19,2,3,3,0,0
"1670","IK09SZ",63,68,3,5,3,0,0
"1671","IK09SZ",63,64,3,3,3,0,0
"1672","IK09SZ",63,65,2,2,3,0,1
"1673","IK09SZ",63,66,2,3,3,0,1
"1674","IK09SZ",63,24,2,3,3,0,1
"1675","IK09SZ",63,21,2,3,3,0,0
"1676","IK09SZ",63,22,2,3,3,0,1
"1677","IK09SZ",63,23,3,4,2,0,1
"1678","IK09SZ",63,12,3,6,4,0,0
"1679","IK09SZ",63,63,NA,NA,NA,NA,NA
"1680","IK09SZ",63,46,3,6,4,0,1
"1681","IK09SZ",63,47,2,5,3,0,1
"1682","IK09SZ",63,48,2,1,3,0,0
"1683","IK09SZ",63,49,2,5,4,0,0
"1684","IK09SZ",63,69,NA,NA,NA,NA,NA
"1685","IK09SZ",63,70,NA,NA,NA,NA,NA
"1686","IK09SZ",63,71,NA,NA,NA,NA,NA
"1687","IK09SZ",63,72,NA,NA,NA,NA,NA
"1688","IK09SZ",63,40,4,6,4,0,1
"1689","IK09SZ",63,41,2,2,2,0,0
"1690","IK09SZ",63,25,3,4,3,0,0
"1691","IK09SZ",63,44,3,3,3,0,1
"1692","IK09SZ",63,45,2,4,3,0,1
"1693","IK09SZ",63,26,2,3,3,0,1
"1694","IK09SZ",63,27,3,3,4,0,0
"1695","IK09SZ",63,28,3,5,4,0,1
"1696","IK09SZ",63,29,2,4,3,0,0
"1697","IK09SZ",63,35,3,6,4,0,0
"1698","IK09SZ",63,36,2,5,3,0,1
"1699","IK09SZ",63,37,2,2,3,0,0
"1700","IK09SZ",63,39,3,6,4,0,1
"1701","IK09SZ",63,4,3,5,3,0,1
"1702","IK09SZ",63,5,2,4,3,0,1
"1703","IK09SZ",63,42,2,3,3,0,1
"1704","IK09SZ",63,43,3,3,3,0,0
"1705","IK09SZ",63,9,2,2,3,0,0
"1706","IK09SZ",63,10,2,2,3,0,1
"1707","IK09SZ",63,62,3,6,4,0,1
"1708","IK09SZ",63,50,4,6,4,0,1
"1709","IK09SZ",63,51,2,1,3,0,1
"1710","IK09SZ",63,57,2,5,3,0,1
"1711","IK09SZ",63,52,2,3,3,0,0
"1712","IK09SZ",63,6,4,6,4,0,1
"1713","IK09SZ",63,7,2,4,3,0,1
"1714","IK09SZ",63,54,2,5,3,0,1
"1715","IK09SZ",63,61,4,6,4,1,0
"1716","IK09SZ",63,53,3,6,4,0,1
"1717","IS07GN",71,43,1,NA,NA,NA,NA
"1718","IS07GN",71,44,1,NA,NA,NA,NA
"1719","IS07GN",71,45,2,4,4,0,0
"1720","IS07GN",71,46,2,4,4,0,0
"1721","IS07GN",71,47,3,4,3,0,0
"1722","IS07GN",71,48,1,NA,NA,NA,NA
"1723","IS07GN",71,49,1,NA,NA,NA,NA
"1724","IS07GN",71,50,4,3,1,0,0
"1725","IS07GN",71,51,1,NA,NA,NA,NA
"1726","IS07GN",71,52,1,NA,NA,NA,NA
"1727","IS07GN",71,53,4,4,2,0,1
"1728","IS07GN",71,54,1,NA,NA,NA,NA
"1729","IS07GN",71,4,1,NA,NA,NA,NA
"1730","IS07GN",71,5,4,4,2,0,1
"1731","IS07GN",71,6,1,NA,NA,NA,NA
"1732","IS07GN",71,7,3,4,3,0,0
"1733","IS07GN",71,9,2,2,2,0,0
"1734","IS07GN",71,10,2,2,2,0,0
"1735","IS07GN",71,12,1,NA,NA,NA,NA
"1736","IS07GN",71,13,3,5,3,0,0
"1737","IS07GN",71,15,2,4,3,0,0
"1738","IS07GN",71,17,1,NA,NA,NA,NA
"1739","IS07GN",71,18,4,6,5,0,1
"1740","IS07GN",71,19,1,NA,NA,NA,NA
"1741","IS07GN",71,21,2,3,3,0,0
"1742","IS07GN",71,22,3,2,2,0,0
"1743","IS07GN",71,23,1,NA,NA,NA,NA
"1744","IS07GN",71,24,1,NA,NA,NA,NA
"1745","IS07GN",71,25,2,3,3,0,0
"1746","IS07GN",71,26,1,NA,NA,NA,NA
"1747","IS07GN",71,27,4,4,2,0,0
"1748","IS07GN",71,28,1,NA,NA,NA,NA
"1749","IS07GN",71,29,1,NA,NA,NA,NA
"1750","IS07GN",71,35,1,NA,NA,NA,NA
"1751","IS07GN",71,36,1,NA,NA,NA,NA
"1752","IS07GN",71,37,1,NA,NA,NA,NA
"1753","IS07GN",71,39,1,NA,NA,NA,NA
"1754","IS07GN",71,40,1,NA,NA,NA,NA
"1755","IS07GN",71,41,2,3,3,0,0
"1756","IS07GN",71,42,2,4,3,0,0
"1757","IS07GN",71,61,1,NA,NA,NA,NA
"1758","IS07GN",71,62,4,5,4,0,1
"1759","IS07GN",71,63,1,NA,NA,NA,NA
"1760","IS07GN",71,64,1,NA,NA,NA,NA
"1761","IS07GN",71,65,1,NA,NA,NA,NA
"1762","IS07GN",71,66,4,5,3,0,0
"1763","IS07GN",71,68,1,NA,NA,NA,NA
"1764","IS07GN",71,69,4,5,2,0,1
"1765","IS07GN",71,70,4,5,3,0,0
"1766","IS07GN",71,71,NA,NA,NA,NA,NA
"1767","IS07GN",71,72,4,3,3,0,0
"1768","IS07GN",71,57,4,3,2,0,0
"1769","IS11LG",65,45,4,5,5,0,1
"1770","IS11LG",65,9,3,4,4,0,1
"1771","IS11LG",65,15,3,5,5,0,0
"1772","IS11LG",65,7,2,3,3,0,0
"1773","IS11LG",65,44,2,4,4,0,1
"1774","IS11LG",65,10,3,4,4,0,1
"1775","IS11LG",65,12,2,3,3,0,0
"1776","IS11LG",65,13,3,5,5,0,1
"1777","IS11LG",65,48,4,4,4,0,1
"1778","IS11LG",65,62,2,3,3,0,0
"1779","IS11LG",65,46,4,5,5,0,0
"1780","IS11LG",65,47,4,5,4,0,0
"1781","IS11LG",65,21,2,3,3,0,0
"1782","IS11LG",65,49,2,4,4,0,0
"1783","IS11LG",65,17,2,3,5,0,1
"1784","IS11LG",65,18,3,4,4,0,1
"1785","IS11LG",65,6,3,4,4,0,0
"1786","IS11LG",65,5,3,5,5,0,1
"1787","IS11LG",65,25,2,4,4,0,0
"1788","IS11LG",65,63,2,4,4,0,0
"1789","IS11LG",65,64,4,4,4,0,1
"1790","IS11LG",65,65,6,4,4,1,1
"1791","IS11LG",65,66,2,4,4,0,1
"1792","IS11LG",65,68,1,NA,NA,NA,NA
"1793","IS11LG",65,69,NA,NA,NA,NA,NA
"1794","IS11LG",65,19,3,4,4,0,1
"1795","IS11LG",65,72,NA,NA,NA,NA,NA
"1796","IS11LG",65,22,3,5,5,0,0
"1797","IS11LG",65,23,2,3,3,0,0
"1798","IS11LG",65,43,2,4,4,0,0
"1799","IS11LG",65,24,3,5,5,0,1
"1800","IS11LG",65,61,3,5,5,0,1
"1801","IS11LG",65,4,4,5,5,0,1
"1802","IS11LG",65,26,3,3,3,0,0
"1803","IS11LG",65,27,3,5,5,0,0
"1804","IS11LG",65,28,4,4,4,0,1
"1805","IS11LG",65,29,2,4,4,0,1
"1806","IS11LG",65,50,3,5,5,0,1
"1807","IS11LG",65,70,NA,NA,NA,NA,NA
"1808","IS11LG",65,71,NA,NA,NA,NA,NA
"1809","IS11LG",65,39,3,6,5,0,1
"1810","IS11LG",65,40,4,5,5,0,0
"1811","IS11LG",65,41,2,3,3,0,0
"1812","IS11LG",65,42,4,5,5,0,1
"1813","IS11LG",65,57,4,5,5,0,0
"1814","IS11LG",65,51,5,6,5,1,1
"1815","IS11LG",65,35,2,2,2,0,0
"1816","IS11LG",65,36,3,4,5,0,0
"1817","IS11LG",65,37,2,4,4,0,1
"1818","IS11LG",65,52,5,6,6,1,0
"1819","IS11LG",65,53,2,3,3,0,0
"1820","IS11LG",65,54,3,4,4,0,1
"1821","JF06FT",46,9,3,4,3,0,0
"1822","JF06FT",46,10,2,4,4,0,1
"1823","JF06FT",46,7,3,4,4,0,0
"1824","JF06FT",46,15,2,5,3,0,0
"1825","JF06FT",46,17,3,6,4,0,1
"1826","JF06FT",46,4,3,5,4,0,1
"1827","JF06FT",46,61,3,5,4,0,0
"1828","JF06FT",46,62,4,5,4,0,1
"1829","JF06FT",46,6,2,4,4,0,0
"1830","JF06FT",46,12,2,5,4,0,0
"1831","JF06FT",46,13,2,4,4,0,0
"1832","JF06FT",46,49,4,6,5,0,0
"1833","JF06FT",46,63,2,4,4,0,0
"1834","JF06FT",46,18,4,5,4,0,0
"1835","JF06FT",46,19,2,4,4,0,0
"1836","JF06FT",46,21,2,4,4,0,0
"1837","JF06FT",46,50,3,5,4,0,1
"1838","JF06FT",46,5,3,5,4,0,1
"1839","JF06FT",46,23,3,5,4,0,1
"1840","JF06FT",46,43,2,5,4,0,0
"1841","JF06FT",46,44,2,4,4,0,0
"1842","JF06FT",46,45,3,4,3,0,1
"1843","JF06FT",46,64,3,4,3,0,1
"1844","JF06FT",46,65,2,4,4,0,0
"1845","JF06FT",46,66,2,4,4,0,0
"1846","JF06FT",46,68,2,3,3,0,0
"1847","JF06FT",46,69,NA,NA,NA,NA,NA
"1848","JF06FT",46,70,NA,NA,NA,NA,NA
"1849","JF06FT",46,71,NA,NA,NA,NA,NA
"1850","JF06FT",46,72,NA,NA,NA,NA,NA
"1851","JF06FT",46,22,4,4,4,0,0
"1852","JF06FT",46,42,4,5,4,0,1
"1853","JF06FT",46,57,3,5,4,0,0
"1854","JF06FT",46,24,4,5,4,0,1
"1855","JF06FT",46,25,2,3,3,0,0
"1856","JF06FT",46,46,NA,NA,NA,NA,NA
"1857","JF06FT",46,47,3,4,3,0,1
"1858","JF06FT",46,48,3,4,4,0,1
"1859","JF06FT",46,28,3,4,4,0,1
"1860","JF06FT",46,29,4,6,4,0,1
"1861","JF06FT",46,35,2,4,4,0,0
"1862","JF06FT",46,51,3,4,3,0,0
"1863","JF06FT",46,52,3,4,3,0,1
"1864","JF06FT",46,53,4,6,4,0,0
"1865","JF06FT",46,54,2,4,4,0,0
"1866","JF06FT",46,41,3,5,4,0,0
"1867","JF06FT",46,27,3,5,4,0,1
"1868","JF06FT",46,37,2,4,4,0,0
"1869","JF06FT",46,39,3,5,4,0,1
"1870","JF06FT",46,26,2,4,4,0,0
"1871","JF06FT",46,36,2,4,3,0,0
"1872","JF06FT",46,40,2,4,4,0,0
"1873","JH06MZ",24,17,2,3,3,0,0
"1874","JH06MZ",24,18,3,4,4,0,1
"1875","JH06MZ",24,72,NA,NA,NA,NA,NA
"1876","JH06MZ",24,22,4,5,4,0,1
"1877","JH06MZ",24,23,3,4,4,0,1
"1878","JH06MZ",24,19,2,3,3,0,0
"1879","JH06MZ",24,21,3,4,4,0,0
"1880","JH06MZ",24,26,2,4,4,0,1
"1881","JH06MZ",24,27,3,4,4,0,1
"1882","JH06MZ",24,24,NA,NA,NA,NA,NA
"1883","JH06MZ",24,25,3,4,4,0,0
"1884","JH06MZ",24,29,3,5,4,0,1
"1885","JH06MZ",24,71,NA,NA,NA,NA,NA
"1886","JH06MZ",24,51,4,3,3,0,0
"1887","JH06MZ",24,52,2,3,3,0,0
"1888","JH06MZ",24,53,3,4,4,0,1
"1889","JH06MZ",24,54,1,NA,NA,NA,NA
"1890","JH06MZ",24,57,4,5,4,0,0
"1891","JH06MZ",24,61,3,4,4,0,0
"1892","JH06MZ",24,62,3,3,4,0,0
"1893","JH06MZ",24,63,1,NA,NA,NA,NA
"1894","JH06MZ",24,64,4,5,5,0,0
"1895","JH06MZ",24,65,2,3,3,0,1
"1896","JH06MZ",24,28,3,3,4,0,0
"1897","JH06MZ",24,49,3,4,4,0,0
"1898","JH06MZ",24,50,2,4,3,0,1
"1899","JH06MZ",24,70,NA,NA,NA,NA,NA
"1900","JH06MZ",24,36,3,4,4,0,0
"1901","JH06MZ",24,37,2,4,3,0,1
"1902","JH06MZ",24,39,4,5,5,0,1
"1903","JH06MZ",24,40,2,3,3,0,0
"1904","JH06MZ",24,41,2,4,4,0,1
"1905","JH06MZ",24,42,2,2,3,0,0
"1906","JH06MZ",24,43,2,4,3,0,0
"1907","JH06MZ",24,44,3,1,3,0,0
"1908","JH06MZ",24,45,3,2,3,0,0
"1909","JH06MZ",24,66,2,4,3,0,1
"1910","JH06MZ",24,68,1,NA,NA,NA,NA
"1911","JH06MZ",24,69,NA,NA,NA,NA,NA
"1912","JH06MZ",24,35,2,4,4,0,0
"1913","JH06MZ",24,15,1,NA,NA,NA,NA
"1914","JH06MZ",24,4,3,3,3,0,0
"1915","JH06MZ",24,5,2,4,4,0,1
"1916","JH06MZ",24,6,3,4,4,0,1
"1917","JH06MZ",24,7,3,5,3,0,1
"1918","JH06MZ",24,46,4,5,4,0,0
"1919","JH06MZ",24,47,3,4,4,0,1
"1920","JH06MZ",24,48,4,4,4,0,0
"1921","JH06MZ",24,13,3,5,4,0,0
"1922","JH06MZ",24,9,3,5,3,0,1
"1923","JH06MZ",24,10,2,2,3,0,0
"1924","JH06MZ",24,12,2,5,4,0,1
"1925","JP03WR",15,18,4,6,5,1,1
"1926","JP03WR",15,26,3,4,4,0,0
"1927","JP03WR",15,25,4,6,6,1,1
"1928","JP03WR",15,17,4,6,6,1,0
"1929","JP03WR",15,19,2,4,4,0,0
"1930","JP03WR",15,21,2,5,4,0,0
"1931","JP03WR",15,70,NA,NA,NA,NA,NA
"1932","JP03WR",15,22,2,3,3,0,0
"1933","JP03WR",15,68,1,NA,NA,NA,NA
"1934","JP03WR",15,69,NA,NA,NA,NA,NA
"1935","JP03WR",15,24,2,4,4,0,0
"1936","JP03WR",15,6,2,5,4,0,1
"1937","JP03WR",15,7,2,6,4,0,1
"1938","JP03WR",15,9,2,4,3,0,1
"1939","JP03WR",15,10,2,4,4,0,0
"1940","JP03WR",15,12,2,4,4,0,1
"1941","JP03WR",15,13,4,6,5,1,0
"1942","JP03WR",15,15,NA,NA,NA,NA,NA
"1943","JP03WR",15,35,2,3,4,0,0
"1944","JP03WR",15,36,3,5,4,0,0
"1945","JP03WR",15,71,NA,NA,NA,NA,NA
"1946","JP03WR",15,72,NA,NA,NA,NA,NA
"1947","JP03WR",15,23,3,4,4,0,1
"1948","JP03WR",15,5,3,5,4,0,1
"1949","JP03WR",15,42,2,4,4,0,0
"1950","JP03WR",15,43,3,5,5,0,1
"1951","JP03WR",15,44,2,5,4,0,1
"1952","JP03WR",15,45,2,4,3,0,1
"1953","JP03WR",15,27,4,5,5,1,1
"1954","JP03WR",15,28,3,5,4,0,1
"1955","JP03WR",15,29,2,4,4,0,0
"1956","JP03WR",15,49,2,5,4,0,0
"1957","JP03WR",15,50,3,5,4,0,1
"1958","JP03WR",15,37,2,4,4,0,0
"1959","JP03WR",15,39,3,6,4,0,1
"1960","JP03WR",15,40,2,4,4,0,1
"1961","JP03WR",15,41,2,3,3,0,0
"1962","JP03WR",15,4,3,6,4,0,1
"1963","JP03WR",15,57,3,4,4,0,0
"1964","JP03WR",15,61,2,4,4,0,0
"1965","JP03WR",15,62,6,6,6,1,1
"1966","JP03WR",15,46,2,4,4,0,0
"1967","JP03WR",15,47,2,4,3,0,1
"1968","JP03WR",15,48,2,4,3,0,0
"1969","JP03WR",15,66,4,6,5,0,1
"1970","JP03WR",15,52,2,4,4,0,1
"1971","JP03WR",15,53,4,6,5,1,0
"1972","JP03WR",15,54,2,4,4,0,0
"1973","JP03WR",15,51,2,4,4,0,0
"1974","JP03WR",15,63,3,3,4,0,0
"1975","JP03WR",15,64,2,4,4,0,0
"1976","JP03WR",15,65,3,6,4,0,1
"1977","KG09HE",52,42,4,5,3,0,0
"1978","KG09HE",52,40,3,2,4,0,0
"1979","KG09HE",52,41,3,4,4,0,0
"1980","KG09HE",52,48,3,4,4,0,0
"1981","KG09HE",52,39,3,4,4,0,1
"1982","KG09HE",52,53,2,4,4,0,0
"1983","KG09HE",52,21,2,4,4,0,1
"1984","KG09HE",52,43,2,4,4,0,0
"1985","KG09HE",52,23,2,4,4,0,1
"1986","KG09HE",52,44,2,4,4,0,0
"1987","KG09HE",52,45,4,5,4,0,1
"1988","KG09HE",52,22,3,4,4,0,0
"1989","KG09HE",52,49,3,4,4,0,1
"1990","KG09HE",52,18,3,4,4,0,0
"1991","KG09HE",52,19,2,4,4,0,0
"1992","KG09HE",52,46,4,5,4,0,0
"1993","KG09HE",52,37,2,4,4,0,0
"1994","KG09HE",52,4,4,6,5,0,1
"1995","KG09HE",52,24,3,4,4,0,1
"1996","KG09HE",52,36,3,4,4,0,1
"1997","KG09HE",52,54,1,NA,NA,NA,NA
"1998","KG09HE",52,47,3,4,4,0,0
"1999","KG09HE",52,50,3,5,5,0,1
"2000","KG09HE",52,25,2,4,4,0,0
"2001","KG09HE",52,26,4,4,4,0,0
"2002","KG09HE",52,52,NA,NA,NA,NA,NA
"2003","KG09HE",52,71,NA,NA,NA,NA,NA
"2004","KG09HE",52,17,3,4,4,0,0
"2005","KG09HE",52,70,NA,NA,NA,NA,NA
"2006","KG09HE",52,6,3,5,4,0,1
"2007","KG09HE",52,7,2,4,4,0,1
"2008","KG09HE",52,57,4,5,5,0,1
"2009","KG09HE",52,5,3,4,4,0,1
"2010","KG09HE",52,51,6,6,6,1,1
"2011","KG09HE",52,72,NA,NA,NA,NA,NA
"2012","KG09HE",52,9,2,4,4,0,1
"2013","KG09HE",52,10,2,3,4,0,0
"2014","KG09HE",52,64,3,4,4,0,0
"2015","KG09HE",52,61,4,4,4,0,1
"2016","KG09HE",52,15,2,4,4,0,0
"2017","KG09HE",52,35,2,4,4,0,0
"2018","KG09HE",52,69,NA,NA,NA,NA,NA
"2019","KG09HE",52,12,2,5,5,0,1
"2020","KG09HE",52,62,2,3,4,0,0
"2021","KG09HE",52,63,1,NA,NA,NA,NA
"2022","KG09HE",52,68,2,4,4,0,1
"2023","KG09HE",52,13,3,4,4,0,0
"2024","KG09HE",52,29,4,5,5,0,1
"2025","KG09HE",52,66,2,3,3,0,1
"2026","KG09HE",52,27,4,3,3,0,1
"2027","KG09HE",52,28,3,4,4,0,1
"2028","KG09HE",52,65,6,6,6,1,1
"2029","KT12LG",61,62,3,5,4,0,1
"2030","KT12LG",61,68,4,6,4,0,1
"2031","KT12LG",61,69,NA,NA,NA,NA,NA
"2032","KT12LG",61,61,NA,NA,NA,NA,NA
"2033","KT12LG",61,42,2,5,3,0,1
"2034","KT12LG",61,43,2,5,4,0,1
"2035","KT12LG",61,63,4,5,4,0,1
"2036","KT12LG",61,64,2,5,4,0,1
"2037","KT12LG",61,65,3,5,4,0,1
"2038","KT12LG",61,66,3,5,4,0,1
"2039","KT12LG",61,48,2,5,4,0,1
"2040","KT12LG",61,49,4,6,4,0,1
"2041","KT12LG",61,50,4,5,4,0,1
"2042","KT12LG",61,51,4,5,4,0,1
"2043","KT12LG",61,52,3,5,4,0,1
"2044","KT12LG",61,53,2,5,4,0,1
"2045","KT12LG",61,41,4,5,4,0,1
"2046","KT12LG",61,57,3,5,4,0,1
"2047","KT12LG",61,4,4,5,4,0,1
"2048","KT12LG",61,44,2,5,4,0,1
"2049","KT12LG",61,45,3,5,4,0,1
"2050","KT12LG",61,46,4,5,4,0,1
"2051","KT12LG",61,47,4,5,4,0,1
"2052","KT12LG",61,10,2,5,4,0,1
"2053","KT12LG",61,12,3,5,4,0,1
"2054","KT12LG",61,13,2,5,4,0,1
"2055","KT12LG",61,70,NA,NA,NA,NA,NA
"2056","KT12LG",61,71,NA,NA,NA,NA,NA
"2057","KT12LG",61,72,NA,NA,NA,NA,NA
"2058","KT12LG",61,54,2,5,4,0,1
"2059","KT12LG",61,19,3,5,4,0,1
"2060","KT12LG",61,21,1,NA,NA,NA,NA
"2061","KT12LG",61,5,3,5,4,0,1
"2062","KT12LG",61,6,4,5,4,0,1
"2063","KT12LG",61,7,2,5,4,0,1
"2064","KT12LG",61,9,3,5,4,0,1
"2065","KT12LG",61,27,2,5,4,0,1
"2066","KT12LG",61,28,3,5,4,0,1
"2067","KT12LG",61,29,4,6,4,0,1
"2068","KT12LG",61,35,3,5,4,0,1
"2069","KT12LG",61,15,1,NA,NA,NA,NA
"2070","KT12LG",61,17,2,5,4,0,1
"2071","KT12LG",61,18,2,5,4,0,1
"2072","KT12LG",61,40,4,6,4,0,1
"2073","KT12LG",61,24,4,5,4,0,1
"2074","KT12LG",61,25,2,5,4,0,1
"2075","KT12LG",61,22,4,5,4,0,1
"2076","KT12LG",61,23,3,5,4,0,1
"2077","KT12LG",61,36,3,5,4,0,1
"2078","KT12LG",61,26,2,5,4,0,1
"2079","KT12LG",61,39,3,5,4,0,1
"2080","KT12LG",61,37,3,5,4,0,1
"2081","MP09LU",37,18,2,5,3,0,1
"2082","MP09LU",37,28,3,4,3,0,1
"2083","MP09LU",37,29,3,5,4,0,0
"2084","MP09LU",37,26,2,3,3,0,0
"2085","MP09LU",37,27,3,4,4,0,0
"2086","MP09LU",37,17,2,3,3,0,0
"2087","MP09LU",37,39,3,5,4,0,0
"2088","MP09LU",37,19,2,2,3,0,0
"2089","MP09LU",37,45,3,4,3,0,0
"2090","MP09LU",37,25,2,3,3,0,0
"2091","MP09LU",37,46,1,NA,NA,NA,NA
"2092","MP09LU",37,47,2,4,3,0,0
"2093","MP09LU",37,35,3,4,4,0,0
"2094","MP09LU",37,36,2,4,3,0,0
"2095","MP09LU",37,37,NA,NA,NA,NA,NA
"2096","MP09LU",37,70,NA,NA,NA,NA,NA
"2097","MP09LU",37,40,3,4,4,0,1
"2098","MP09LU",37,41,4,4,4,0,1
"2099","MP09LU",37,42,2,3,3,0,0
"2100","MP09LU",37,43,2,4,4,0,0
"2101","MP09LU",37,44,2,3,3,0,0
"2102","MP09LU",37,24,2,4,4,0,0
"2103","MP09LU",37,6,3,4,4,0,0
"2104","MP09LU",37,7,3,6,3,0,1
"2105","MP09LU",37,9,2,3,3,0,0
"2106","MP09LU",37,10,3,3,4,0,0
"2107","MP09LU",37,12,2,4,4,0,0
"2108","MP09LU",37,13,3,5,3,0,0
"2109","MP09LU",37,15,2,4,4,0,0
"2110","MP09LU",37,71,NA,NA,NA,NA,NA
"2111","MP09LU",37,72,NA,NA,NA,NA,NA
"2112","MP09LU",37,21,3,4,4,0,1
"2113","MP09LU",37,22,3,4,4,0,0
"2114","MP09LU",37,23,2,4,3,0,1
"2115","MP09LU",37,5,3,5,3,0,1
"2116","MP09LU",37,61,3,4,4,0,0
"2117","MP09LU",37,62,2,4,3,0,0
"2118","MP09LU",37,63,1,NA,NA,NA,NA
"2119","MP09LU",37,64,2,4,4,0,0
"2120","MP09LU",37,48,2,4,3,0,0
"2121","MP09LU",37,49,3,4,4,0,0
"2122","MP09LU",37,50,3,5,4,0,1
"2123","MP09LU",37,69,NA,NA,NA,NA,NA
"2124","MP09LU",37,54,2,4,4,0,0
"2125","MP09LU",37,51,2,4,3,0,0
"2126","MP09LU",37,52,2,3,3,0,0
"2127","MP09LU",37,53,3,4,4,0,1
"2128","MP09LU",37,57,3,4,3,0,0
"2129","MP09LU",37,4,3,4,3,0,0
"2130","MP09LU",37,68,1,NA,NA,NA,NA
"2131","MP09LU",37,65,1,NA,NA,NA,NA
"2132","MP09LU",37,66,4,5,4,0,1
"2133","NE05MN",23,40,2,3,3,0,0
"2134","NE05MN",23,43,6,6,5,1,1
"2135","NE05MN",23,44,6,6,5,1,1
"2136","NE05MN",23,41,2,3,3,0,0
"2137","NE05MN",23,42,1,NA,NA,NA,NA
"2138","NE05MN",23,47,2,2,2,0,0
"2139","NE05MN",23,48,2,3,3,0,0
"2140","NE05MN",23,45,4,4,4,0,1
"2141","NE05MN",23,46,4,3,3,0,0
"2142","NE05MN",23,17,4,4,3,0,0
"2143","NE05MN",23,39,4,4,3,0,1
"2144","NE05MN",23,19,1,NA,NA,NA,NA
"2145","NE05MN",23,21,2,4,3,0,0
"2146","NE05MN",23,22,3,3,3,0,0
"2147","NE05MN",23,4,6,6,5,1,1
"2148","NE05MN",23,5,2,4,3,0,1
"2149","NE05MN",23,6,2,4,3,0,1
"2150","NE05MN",23,7,3,3,2,0,1
"2151","NE05MN",23,9,2,2,2,0,1
"2152","NE05MN",23,10,2,3,3,0,0
"2153","NE05MN",23,12,3,3,3,0,1
"2154","NE05MN",23,13,2,3,3,0,0
"2155","NE05MN",23,49,2,3,3,0,0
"2156","NE05MN",23,18,4,4,3,0,1
"2157","NE05MN",23,69,NA,NA,NA,NA,NA
"2158","NE05MN",23,70,NA,NA,NA,NA,NA
"2159","NE05MN",23,71,NA,NA,NA,NA,NA
"2160","NE05MN",23,72,NA,NA,NA,NA,NA
"2161","NE05MN",23,23,NA,NA,NA,NA,NA
"2162","NE05MN",23,24,4,4,4,0,0
"2163","NE05MN",23,25,2,3,3,0,0
"2164","NE05MN",23,26,6,6,5,1,0
"2165","NE05MN",23,27,4,3,3,0,1
"2166","NE05MN",23,28,3,3,3,0,1
"2167","NE05MN",23,29,3,4,3,0,0
"2168","NE05MN",23,15,4,4,4,0,0
"2169","NE05MN",23,68,1,NA,NA,NA,NA
"2170","NE05MN",23,37,2,3,3,0,0
"2171","NE05MN",23,50,4,4,3,0,1
"2172","NE05MN",23,51,2,2,2,0,0
"2173","NE05MN",23,52,1,NA,NA,NA,NA
"2174","NE05MN",23,53,4,4,3,0,1
"2175","NE05MN",23,54,1,NA,NA,NA,NA
"2176","NE05MN",23,57,3,3,3,0,0
"2177","NE05MN",23,61,2,3,3,0,0
"2178","NE05MN",23,62,3,4,3,0,0
"2179","NE05MN",23,63,2,3,3,0,0
"2180","NE05MN",23,64,2,3,3,0,0
"2181","NE05MN",23,35,2,3,3,0,0
"2182","NE05MN",23,36,2,3,3,0,1
"2183","NE05MN",23,66,2,4,3,0,1
"2184","NE05MN",23,65,1,NA,NA,NA,NA
"2185","NF12BN",45,35,2,3,3,0,0
"2186","NF12BN",45,36,2,3,3,0,0
"2187","NF12BN",45,29,3,4,4,0,0
"2188","NF12BN",45,22,4,5,5,0,0
"2189","NF12BN",45,23,3,4,2,0,0
"2190","NF12BN",45,24,2,4,4,0,0
"2191","NF12BN",45,47,2,4,4,0,1
"2192","NF12BN",45,13,3,5,4,0,1
"2193","NF12BN",45,15,2,4,4,0,0
"2194","NF12BN",45,17,3,4,5,0,0
"2195","NF12BN",45,37,3,4,5,0,1
"2196","NF12BN",45,39,2,4,4,0,0
"2197","NF12BN",45,40,2,4,3,0,0
"2198","NF12BN",45,41,2,3,3,0,0
"2199","NF12BN",45,42,4,5,5,0,1
"2200","NF12BN",45,43,3,3,2,0,0
"2201","NF12BN",45,44,3,2,2,0,0
"2202","NF12BN",45,45,NA,NA,NA,NA,NA
"2203","NF12BN",45,46,3,5,5,0,0
"2204","NF12BN",45,12,2,4,4,0,1
"2205","NF12BN",45,28,3,5,5,0,1
"2206","NF12BN",45,64,2,4,3,0,0
"2207","NF12BN",45,48,3,3,3,0,0
"2208","NF12BN",45,18,2,4,4,0,0
"2209","NF12BN",45,19,1,NA,NA,NA,NA
"2210","NF12BN",45,21,3,4,4,0,0
"2211","NF12BN",45,72,NA,NA,NA,NA,NA
"2212","NF12BN",45,71,NA,NA,NA,NA,NA
"2213","NF12BN",45,4,4,6,5,0,1
"2214","NF12BN",45,5,3,3,3,0,0
"2215","NF12BN",45,25,2,4,4,0,0
"2216","NF12BN",45,26,3,4,4,0,0
"2217","NF12BN",45,27,3,5,4,0,1
"2218","NF12BN",45,63,1,NA,NA,NA,NA
"2219","NF12BN",45,62,2,3,4,0,0
"2220","NF12BN",45,65,3,4,3,0,0
"2221","NF12BN",45,66,2,4,4,0,1
"2222","NF12BN",45,68,1,NA,NA,NA,NA
"2223","NF12BN",45,69,NA,NA,NA,NA,NA
"2224","NF12BN",45,70,NA,NA,NA,NA,NA
"2225","NF12BN",45,51,3,5,5,0,1
"2226","NF12BN",45,9,2,3,3,0,0
"2227","NF12BN",45,52,3,4,5,0,1
"2228","NF12BN",45,6,2,4,4,0,1
"2229","NF12BN",45,7,2,4,4,0,1
"2230","NF12BN",45,54,2,4,3,0,0
"2231","NF12BN",45,10,2,2,3,0,0
"2232","NF12BN",45,49,2,2,3,0,0
"2233","NF12BN",45,50,2,5,4,0,1
"2234","NF12BN",45,57,4,6,5,1,1
"2235","NF12BN",45,61,2,2,2,0,0
"2236","NF12BN",45,53,2,4,4,0,0
"2237","NL07ET",40,46,2,4,4,0,1
"2238","NL07ET",40,48,3,5,4,0,0
"2239","NL07ET",40,49,4,4,4,0,0
"2240","NL07ET",40,22,4,6,5,0,1
"2241","NL07ET",40,19,2,4,4,0,0
"2242","NL07ET",40,21,2,4,4,0,0
"2243","NL07ET",40,45,2,5,4,0,0
"2244","NL07ET",40,9,4,5,4,0,1
"2245","NL07ET",40,47,4,3,3,0,1
"2246","NL07ET",40,13,3,5,4,0,1
"2247","NL07ET",40,15,3,5,4,0,1
"2248","NL07ET",40,17,3,4,4,0,0
"2249","NL07ET",40,18,3,4,4,0,1
"2250","NL07ET",40,50,4,6,5,0,1
"2251","NL07ET",40,51,3,3,2,0,0
"2252","NL07ET",40,52,4,2,2,0,0
"2253","NL07ET",40,4,2,5,5,0,0
"2254","NL07ET",40,5,3,5,4,0,0
"2255","NL07ET",40,6,3,4,4,0,1
"2256","NL07ET",40,7,3,5,5,0,0
"2257","NL07ET",40,26,3,4,5,0,0
"2258","NL07ET",40,10,2,5,6,0,0
"2259","NL07ET",40,12,3,5,4,0,1
"2260","NL07ET",40,65,3,5,5,0,0
"2261","NL07ET",40,66,2,4,4,0,0
"2262","NL07ET",40,68,4,6,5,1,0
"2263","NL07ET",40,69,NA,NA,NA,NA,NA
"2264","NL07ET",40,70,NA,NA,NA,NA,NA
"2265","NL07ET",40,71,NA,NA,NA,NA,NA
"2266","NL07ET",40,72,NA,NA,NA,NA,NA
"2267","NL07ET",40,23,2,5,4,0,1
"2268","NL07ET",40,24,3,5,4,0,0
"2269","NL07ET",40,25,2,4,4,0,0
"2270","NL07ET",40,44,3,5,5,0,1
"2271","NL07ET",40,62,4,5,4,0,1
"2272","NL07ET",40,63,3,5,5,0,0
"2273","NL07ET",40,64,3,4,3,0,1
"2274","NL07ET",40,28,3,5,5,0,0
"2275","NL07ET",40,29,4,6,5,1,1
"2276","NL07ET",40,36,3,5,4,0,1
"2277","NL07ET",40,37,4,4,4,0,1
"2278","NL07ET",40,39,4,5,5,0,0
"2279","NL07ET",40,40,NA,NA,NA,NA,NA
"2280","NL07ET",40,41,4,5,4,0,0
"2281","NL07ET",40,42,2,5,4,0,0
"2282","NL07ET",40,43,2,4,3,0,0
"2283","NL07ET",40,61,4,4,5,0,1
"2284","NL07ET",40,35,3,3,4,0,0
"2285","NL07ET",40,27,2,5,4,0,0
"2286","NL07ET",40,57,2,5,4,0,1
"2287","NL07ET",40,53,3,4,4,0,1
"2288","NL07ET",40,54,2,5,5,0,0
"2289","OS07MH",48,29,2,5,4,0,1
"2290","OS07MH",48,39,4,5,4,0,0
"2291","OS07MH",48,35,2,1,4,0,0
"2292","OS07MH",48,36,3,3,4,0,0
"2293","OS07MH",48,37,3,4,4,0,0
"2294","OS07MH",48,28,4,5,5,0,1
"2295","OS07MH",48,50,2,4,4,0,1
"2296","OS07MH",48,51,2,2,2,0,0
"2297","OS07MH",48,52,4,4,4,0,1
"2298","OS07MH",48,53,3,5,5,0,1
"2299","OS07MH",48,54,1,NA,NA,NA,NA
"2300","OS07MH",48,57,3,4,4,0,1
"2301","OS07MH",48,61,1,NA,NA,NA,NA
"2302","OS07MH",48,62,4,6,5,0,0
"2303","OS07MH",48,64,6,6,6,1,1
"2304","OS07MH",48,65,3,5,5,0,1
"2305","OS07MH",48,66,1,NA,NA,NA,NA
"2306","OS07MH",48,27,3,4,5,0,0
"2307","OS07MH",48,68,1,NA,NA,NA,NA
"2308","OS07MH",48,69,NA,NA,NA,NA,NA
"2309","OS07MH",48,49,2,3,4,0,0
"2310","OS07MH",48,70,NA,NA,NA,NA,NA
"2311","OS07MH",48,71,NA,NA,NA,NA,NA
"2312","OS07MH",48,72,NA,NA,NA,NA,NA
"2313","OS07MH",48,15,2,3,5,0,0
"2314","OS07MH",48,40,1,NA,NA,NA,NA
"2315","OS07MH",48,41,3,4,5,0,0
"2316","OS07MH",48,63,1,NA,NA,NA,NA
"2317","OS07MH",48,4,2,3,4,0,0
"2318","OS07MH",48,5,3,5,5,0,1
"2319","OS07MH",48,6,3,4,4,0,1
"2320","OS07MH",48,26,1,NA,NA,NA,NA
"2321","OS07MH",48,7,2,6,5,0,1
"2322","OS07MH",48,9,4,5,4,0,1
"2323","OS07MH",48,48,NA,NA,NA,NA,NA
"2324","OS07MH",48,10,2,4,5,0,1
"2325","OS07MH",48,12,1,NA,NA,NA,NA
"2326","OS07MH",48,13,1,NA,NA,NA,NA
"2327","OS07MH",48,17,1,NA,NA,NA,NA
"2328","OS07MH",48,18,4,5,5,0,1
"2329","OS07MH",48,19,4,5,5,0,0
"2330","OS07MH",48,21,2,2,4,0,0
"2331","OS07MH",48,22,3,3,6,0,0
"2332","OS07MH",48,23,1,NA,NA,NA,NA
"2333","OS07MH",48,24,4,6,5,1,0
"2334","OS07MH",48,25,3,3,4,0,0
"2335","OS07MH",48,47,3,6,4,0,1
"2336","OS07MH",48,43,3,5,5,0,1
"2337","OS07MH",48,44,2,6,5,0,0
"2338","OS07MH",48,45,3,3,4,0,0
"2339","OS07MH",48,42,3,3,4,0,0
"2340","OS07MH",48,46,2,4,5,0,0
"2341","PH09RK",66,69,NA,NA,NA,NA,NA
"2342","PH09RK",66,71,NA,NA,NA,NA,NA
"2343","PH09RK",66,72,NA,NA,NA,NA,NA
"2344","PH09RK",66,40,1,NA,NA,NA,NA
"2345","PH09RK",66,41,2,4,4,0,1
"2346","PH09RK",66,70,NA,NA,NA,NA,NA
"2347","PH09RK",66,39,1,NA,NA,NA,NA
"2348","PH09RK",66,45,3,5,5,0,1
"2349","PH09RK",66,68,1,NA,NA,NA,NA
"2350","PH09RK",66,36,2,4,4,0,1
"2351","PH09RK",66,37,4,6,5,0,1
"2352","PH09RK",66,12,2,3,3,0,1
"2353","PH09RK",66,13,4,6,5,0,1
"2354","PH09RK",66,15,3,5,5,0,1
"2355","PH09RK",66,42,1,NA,NA,NA,NA
"2356","PH09RK",66,43,2,2,2,0,0
"2357","PH09RK",66,44,3,4,4,0,0
"2358","PH09RK",66,46,1,NA,NA,NA,NA
"2359","PH09RK",66,47,3,5,5,0,1
"2360","PH09RK",66,65,2,4,4,0,1
"2361","PH09RK",66,66,NA,NA,NA,NA,NA
"2362","PH09RK",66,35,2,3,3,0,1
"2363","PH09RK",66,50,3,3,3,0,1
"2364","PH09RK",66,10,2,4,4,0,1
"2365","PH09RK",66,27,1,NA,NA,NA,NA
"2366","PH09RK",66,51,3,3,3,0,0
"2367","PH09RK",66,52,1,NA,NA,NA,NA
"2368","PH09RK",66,53,4,6,6,1,1
"2369","PH09RK",66,54,4,5,5,0,1
"2370","PH09RK",66,57,2,2,2,0,0
"2371","PH09RK",66,61,3,3,3,0,0
"2372","PH09RK",66,64,2,3,3,0,1
"2373","PH09RK",66,5,4,4,4,0,1
"2374","PH09RK",66,48,2,3,3,0,1
"2375","PH09RK",66,49,2,4,4,0,1
"2376","PH09RK",66,9,4,5,5,0,1
"2377","PH09RK",66,28,2,3,3,0,1
"2378","PH09RK",66,25,3,4,4,0,0
"2379","PH09RK",66,26,4,4,4,0,0
"2380","PH09RK",66,7,4,5,4,0,1
"2381","PH09RK",66,62,4,6,6,1,1
"2382","PH09RK",66,17,3,5,5,0,1
"2383","PH09RK",66,18,4,6,6,1,1
"2384","PH09RK",66,4,3,4,4,0,1
"2385","PH09RK",66,29,3,5,5,0,1
"2386","PH09RK",66,63,2,3,3,0,1
"2387","PH09RK",66,6,2,4,4,0,1
"2388","PH09RK",66,22,2,4,4,0,1
"2389","PH09RK",66,24,2,4,4,0,1
"2390","PH09RK",66,19,1,NA,NA,NA,NA
"2391","PH09RK",66,21,3,NA,NA,NA,NA
"2392","PH09RK",66,23,2,4,4,0,1
"2393","RK09EH",19,50,2,5,4,0,0
"2394","RK09EH",19,49,3,4,4,0,1
"2395","RK09EH",19,28,4,6,5,0,0
"2396","RK09EH",19,29,2,3,3,0,0
"2397","RK09EH",19,51,2,2,3,0,1
"2398","RK09EH",19,52,2,3,3,0,0
"2399","RK09EH",19,53,2,4,3,0,1
"2400","RK09EH",19,54,2,2,3,0,0
"2401","RK09EH",19,57,3,5,3,0,1
"2402","RK09EH",19,61,4,5,5,0,0
"2403","RK09EH",19,62,2,4,3,0,1
"2404","RK09EH",19,63,2,3,3,0,0
"2405","RK09EH",19,64,4,5,5,0,0
"2406","RK09EH",19,65,2,4,4,0,1
"2407","RK09EH",19,27,2,3,3,0,0
"2408","RK09EH",19,47,4,3,3,0,0
"2409","RK09EH",19,48,4,5,5,0,1
"2410","RK09EH",19,35,4,6,5,0,0
"2411","RK09EH",19,36,4,6,5,0,0
"2412","RK09EH",19,37,2,2,2,0,0
"2413","RK09EH",19,39,2,4,3,0,0
"2414","RK09EH",19,40,2,2,3,0,0
"2415","RK09EH",19,41,2,4,3,0,0
"2416","RK09EH",19,42,2,3,3,0,0
"2417","RK09EH",19,43,2,4,3,0,1
"2418","RK09EH",19,44,2,4,3,0,0
"2419","RK09EH",19,45,2,4,3,0,1
"2420","RK09EH",19,46,2,4,3,0,0
"2421","RK09EH",19,66,2,2,3,0,1
"2422","RK09EH",19,68,2,3,3,0,1
"2423","RK09EH",19,9,3,4,3,0,1
"2424","RK09EH",19,69,NA,NA,NA,NA,NA
"2425","RK09EH",19,70,NA,NA,NA,NA,NA
"2426","RK09EH",19,71,NA,NA,NA,NA,NA
"2427","RK09EH",19,72,NA,NA,NA,NA,NA
"2428","RK09EH",19,17,2,2,3,0,0
"2429","RK09EH",19,18,2,3,3,0,1
"2430","RK09EH",19,19,NA,NA,NA,NA,NA
"2431","RK09EH",19,4,2,3,3,0,0
"2432","RK09EH",19,5,2,4,3,0,1
"2433","RK09EH",19,6,2,4,3,0,0
"2434","RK09EH",19,26,2,3,3,0,1
"2435","RK09EH",19,7,2,3,3,0,0
"2436","RK09EH",19,13,2,4,3,0,0
"2437","RK09EH",19,15,2,4,3,0,1
"2438","RK09EH",19,10,2,4,3,0,0
"2439","RK09EH",19,12,2,4,3,0,1
"2440","RK09EH",19,21,2,4,3,0,0
"2441","RK09EH",19,22,3,4,3,0,1
"2442","RK09EH",19,23,2,4,3,0,0
"2443","RK09EH",19,24,2,3,3,0,0
"2444","RK09EH",19,25,2,3,3,0,0
"2445","SD11DN",25,54,3,5,4,0,0
"2446","SD11DN",25,51,3,5,4,0,1
"2447","SD11DN",25,53,4,6,5,0,0
"2448","SD11DN",25,64,3,5,5,0,1
"2449","SD11DN",25,65,2,4,4,0,1
"2450","SD11DN",25,52,2,4,4,0,1
"2451","SD11DN",25,63,2,4,4,0,0
"2452","SD11DN",25,68,1,NA,NA,NA,NA
"2453","SD11DN",25,50,3,6,5,0,1
"2454","SD11DN",25,29,2,5,5,0,0
"2455","SD11DN",25,35,2,4,4,0,0
"2456","SD11DN",25,36,3,6,5,0,0
"2457","SD11DN",25,37,2,5,5,0,0
"2458","SD11DN",25,57,3,5,4,0,0
"2459","SD11DN",25,61,2,4,4,0,0
"2460","SD11DN",25,62,4,6,5,0,1
"2461","SD11DN",25,4,3,6,5,0,1
"2462","SD11DN",25,5,4,6,5,0,0
"2463","SD11DN",25,6,2,5,5,0,0
"2464","SD11DN",25,66,3,6,5,0,0
"2465","SD11DN",25,27,4,5,5,0,0
"2466","SD11DN",25,28,3,5,5,0,1
"2467","SD11DN",25,49,3,5,5,0,0
"2468","SD11DN",25,70,NA,NA,NA,NA,NA
"2469","SD11DN",25,71,NA,NA,NA,NA,NA
"2470","SD11DN",25,72,NA,NA,NA,NA,NA
"2471","SD11DN",25,17,4,6,5,0,1
"2472","SD11DN",25,18,4,6,5,0,0
"2473","SD11DN",25,19,2,4,4,0,0
"2474","SD11DN",25,21,2,5,5,0,0
"2475","SD11DN",25,22,3,4,4,0,0
"2476","SD11DN",25,23,2,5,4,0,1
"2477","SD11DN",25,24,4,5,5,0,0
"2478","SD11DN",25,7,2,5,4,0,1
"2479","SD11DN",25,9,2,4,4,0,1
"2480","SD11DN",25,69,NA,NA,NA,NA,NA
"2481","SD11DN",25,48,3,5,5,0,1
"2482","SD11DN",25,12,2,5,5,0,0
"2483","SD11DN",25,13,4,6,5,0,0
"2484","SD11DN",25,15,4,6,6,0,1
"2485","SD11DN",25,39,2,5,4,0,0
"2486","SD11DN",25,40,2,5,5,0,0
"2487","SD11DN",25,41,4,5,5,0,1
"2488","SD11DN",25,42,3,5,5,0,0
"2489","SD11DN",25,43,2,5,5,0,1
"2490","SD11DN",25,44,3,5,5,0,0
"2491","SD11DN",25,25,NA,NA,NA,NA,NA
"2492","SD11DN",25,26,6,5,5,0,1
"2493","SD11DN",25,47,3,6,5,0,1
"2494","SD11DN",25,10,2,5,4,0,1
"2495","SD11DN",25,45,3,5,5,0,0
"2496","SD11DN",25,46,3,5,5,0,0
"2497","SH06JA",9,22,2,3,3,0,0
"2498","SH06JA",9,21,2,2,2,0,0
"2499","SH06JA",9,41,3,3,3,0,1
"2500","SH06JA",9,43,1,NA,NA,NA,NA
"2501","SH06JA",9,40,4,5,4,0,1
"2502","SH06JA",9,71,NA,NA,NA,NA,NA
"2503","SH06JA",9,42,1,NA,NA,NA,NA
"2504","SH06JA",9,19,3,5,4,0,0
"2505","SH06JA",9,39,4,5,4,0,0
"2506","SH06JA",9,44,2,3,3,0,0
"2507","SH06JA",9,72,NA,NA,NA,NA,NA
"2508","SH06JA",9,23,2,5,4,0,0
"2509","SH06JA",9,24,2,4,4,0,0
"2510","SH06JA",9,15,2,3,3,0,0
"2511","SH06JA",9,17,1,NA,NA,NA,NA
"2512","SH06JA",9,18,2,4,3,0,1
"2513","SH06JA",9,37,1,NA,NA,NA,NA
"2514","SH06JA",9,70,NA,NA,NA,NA,NA
"2515","SH06JA",9,51,4,4,4,0,0
"2516","SH06JA",9,52,3,3,3,0,0
"2517","SH06JA",9,4,3,5,4,0,0
"2518","SH06JA",9,5,4,4,3,0,0
"2519","SH06JA",9,6,3,6,4,0,0
"2520","SH06JA",9,45,2,3,2,0,0
"2521","SH06JA",9,46,3,3,3,0,0
"2522","SH06JA",9,47,3,4,4,0,1
"2523","SH06JA",9,48,3,5,4,0,1
"2524","SH06JA",9,66,4,6,4,0,1
"2525","SH06JA",9,68,3,4,3,0,0
"2526","SH06JA",9,69,NA,NA,NA,NA,NA
"2527","SH06JA",9,50,3,5,3,0,1
"2528","SH06JA",9,36,3,3,3,0,0
"2529","SH06JA",9,7,2,3,2,0,0
"2530","SH06JA",9,9,NA,NA,NA,NA,NA
"2531","SH06JA",9,53,3,5,3,0,1
"2532","SH06JA",9,54,2,3,3,0,0
"2533","SH06JA",9,13,2,5,3,0,0
"2534","SH06JA",9,65,3,2,3,0,0
"2535","SH06JA",9,10,2,5,4,0,1
"2536","SH06JA",9,12,3,5,4,0,0
"2537","SH06JA",9,63,2,3,3,0,0
"2538","SH06JA",9,57,4,4,4,0,1
"2539","SH06JA",9,49,4,5,4,0,0
"2540","SH06JA",9,35,2,4,3,0,0
"2541","SH06JA",9,25,1,NA,NA,NA,NA
"2542","SH06JA",9,64,3,4,3,0,1
"2543","SH06JA",9,61,3,3,3,0,0
"2544","SH06JA",9,62,3,5,4,0,1
"2545","SH06JA",9,26,2,3,3,0,0
"2546","SH06JA",9,28,4,3,3,0,0
"2547","SH06JA",9,29,4,6,4,0,1
"2548","SH06JA",9,27,1,NA,NA,NA,NA
"2549","SN01HE",42,51,3,2,4,0,0
"2550","SN01HE",42,64,3,4,3,0,0
"2551","SN01HE",42,52,4,3,4,1,0
"2552","SN01HE",42,63,1,NA,NA,NA,NA
"2553","SN01HE",42,50,4,6,5,1,1
"2554","SN01HE",42,70,NA,NA,NA,NA,NA
"2555","SN01HE",42,71,NA,NA,NA,NA,NA
"2556","SN01HE",42,53,3,3,4,0,0
"2557","SN01HE",42,54,1,NA,NA,NA,NA
"2558","SN01HE",42,57,4,5,5,1,1
"2559","SN01HE",42,61,1,NA,NA,NA,NA
"2560","SN01HE",42,62,2,2,3,0,0
"2561","SN01HE",42,24,3,4,4,0,0
"2562","SN01HE",42,25,2,2,3,0,0
"2563","SN01HE",42,65,3,5,4,1,1
"2564","SN01HE",42,66,2,5,3,0,0
"2565","SN01HE",42,68,1,NA,NA,NA,NA
"2566","SN01HE",42,69,NA,NA,NA,NA,NA
"2567","SN01HE",42,49,3,4,4,0,0
"2568","SN01HE",42,15,2,3,3,0,0
"2569","SN01HE",42,72,NA,NA,NA,NA,NA
"2570","SN01HE",42,19,1,NA,NA,NA,NA
"2571","SN01HE",42,21,2,2,3,0,0
"2572","SN01HE",42,22,4,4,4,1,0
"2573","SN01HE",42,23,2,5,3,0,0
"2574","SN01HE",42,5,2,4,3,0,0
"2575","SN01HE",42,6,3,4,3,0,1
"2576","SN01HE",42,7,2,4,4,0,1
"2577","SN01HE",42,9,1,NA,NA,NA,NA
"2578","SN01HE",42,10,2,3,3,0,0
"2579","SN01HE",42,12,1,NA,NA,NA,NA
"2580","SN01HE",42,13,2,6,4,0,0
"2581","SN01HE",42,29,1,NA,NA,NA,NA
"2582","SN01HE",42,17,3,5,4,0,1
"2583","SN01HE",42,18,2,4,3,0,0
"2584","SN01HE",42,36,2,3,3,0,0
"2585","SN01HE",42,37,3,4,3,0,0
"2586","SN01HE",42,4,3,5,4,0,0
"2587","SN01HE",42,41,1,NA,NA,NA,NA
"2588","SN01HE",42,42,NA,NA,NA,NA,NA
"2589","SN01HE",42,43,2,5,3,0,0
"2590","SN01HE",42,44,2,3,3,0,0
"2591","SN01HE",42,26,2,3,3,0,0
"2592","SN01HE",42,27,2,4,3,0,0
"2593","SN01HE",42,28,2,3,3,0,0
"2594","SN01HE",42,48,3,4,3,0,0
"2595","SN01HE",42,39,2,3,3,0,0
"2596","SN01HE",42,35,2,2,4,0,0
"2597","SN01HE",42,46,4,5,4,1,0
"2598","SN01HE",42,47,4,6,5,1,1
"2599","SN01HE",42,40,3,4,4,0,1
"2600","SN01HE",42,45,4,4,4,1,0
"2601","TV05CS",41,68,3,4,5,0,0
"2602","TV05CS",41,28,2,4,4,0,1
"2603","TV05CS",41,69,NA,NA,NA,NA,NA
"2604","TV05CS",41,70,NA,NA,NA,NA,NA
"2605","TV05CS",41,71,NA,NA,NA,NA,NA
"2606","TV05CS",41,66,3,2,1,0,1
"2607","TV05CS",41,7,2,5,3,0,1
"2608","TV05CS",41,29,4,6,5,0,0
"2609","TV05CS",41,35,2,5,5,0,0
"2610","TV05CS",41,36,3,5,4,0,0
"2611","TV05CS",41,72,NA,NA,NA,NA,NA
"2612","TV05CS",41,39,4,5,4,0,1
"2613","TV05CS",41,40,4,5,4,0,0
"2614","TV05CS",41,41,NA,NA,NA,NA,NA
"2615","TV05CS",41,27,3,4,3,0,0
"2616","TV05CS",41,26,3,4,4,0,0
"2617","TV05CS",41,9,3,2,2,0,1
"2618","TV05CS",41,10,2,4,4,0,1
"2619","TV05CS",41,12,3,6,5,0,0
"2620","TV05CS",41,37,4,4,4,0,0
"2621","TV05CS",41,15,1,NA,NA,NA,NA
"2622","TV05CS",41,17,2,3,3,0,1
"2623","TV05CS",41,18,2,5,4,0,1
"2624","TV05CS",41,42,2,4,3,0,0
"2625","TV05CS",41,43,2,5,4,0,1
"2626","TV05CS",41,44,1,NA,NA,NA,NA
"2627","TV05CS",41,65,1,NA,NA,NA,NA
"2628","TV05CS",41,6,2,6,4,0,1
"2629","TV05CS",41,46,3,4,3,0,0
"2630","TV05CS",41,25,3,3,4,0,0
"2631","TV05CS",41,47,2,5,5,0,0
"2632","TV05CS",41,48,2,4,4,0,0
"2633","TV05CS",41,13,2,5,5,0,1
"2634","TV05CS",41,51,2,2,3,0,0
"2635","TV05CS",41,52,3,4,2,0,1
"2636","TV05CS",41,53,2,4,4,0,0
"2637","TV05CS",41,54,1,NA,NA,NA,NA
"2638","TV05CS",41,19,2,4,4,0,0
"2639","TV05CS",41,21,3,2,2,0,0
"2640","TV05CS",41,22,3,3,4,0,0
"2641","TV05CS",41,45,3,1,1,0,0
"2642","TV05CS",41,5,3,3,3,0,1
"2643","TV05CS",41,4,2,3,4,0,1
"2644","TV05CS",41,50,3,5,4,0,1
"2645","TV05CS",41,62,2,5,3,0,1
"2646","TV05CS",41,23,2,4,4,0,1
"2647","TV05CS",41,49,4,5,4,0,0
"2648","TV05CS",41,61,4,4,5,0,0
"2649","TV05CS",41,57,4,4,4,0,0
"2650","TV05CS",41,64,3,5,5,0,0
"2651","TV05CS",41,24,3,5,4,0,0
"2652","TV05CS",41,63,1,NA,NA,NA,NA
