"","perceiver.id","person_code","target.id","liking","dominant","affectionate","knowing"
"1",4,"AB04KE",48,2,3,2,0
"2",4,"AB04KE",45,4,4,4,0
"3",4,"AB04KE",46,4,3,3,0
"4",4,"AB04KE",47,5,5,3,0
"5",4,"AB04KE",52,2,3,3,0
"6",4,"AB04KE",53,4,4,4,0
"7",4,"AB04KE",54,3,2,4,0
"8",4,"AB04KE",61,3,4,4,0
"9",4,"AB04KE",62,2,4,3,0
"10",4,"AB04KE",63,2,3,4,0
"11",4,"AB04KE",64,5,5,4,0
"12",4,"AB04KE",65,4,4,4,0
"13",4,"AB04KE",66,5,4,4,0
"14",4,"AB04KE",57,4,4,4,0
"15",4,"AB04KE",49,4,4,4,0
"16",4,"AB04KE",50,4,5,4,0
"17",4,"AB04KE",51,3,4,3,0
"18",4,"AB04KE",17,4,5,3,0
"19",4,"AB04KE",18,4,4,3,0
"20",4,"AB04KE",19,2,5,2,0
"21",4,"AB04KE",21,4,3,4,0
"22",4,"AB04KE",22,3,2,4,0
"23",4,"AB04KE",23,4,3,4,0
"24",4,"AB04KE",24,4,2,3,0
"25",4,"AB04KE",25,3,3,2,0
"26",4,"AB04KE",26,4,3,3,3
"27",4,"AB04KE",27,3,5,3,0
"28",4,"AB04KE",28,4,2,4,0
"29",4,"AB04KE",29,3,3,3,0
"30",4,"AB04KE",35,1,4,2,0
"31",4,"AB04KE",36,3,3,3,0
"32",4,"AB04KE",37,5,4,4,0
"33",4,"AB04KE",39,4,3,4,0
"34",4,"AB04KE",40,4,3,4,0
"35",4,"AB04KE",41,3,2,4,0
"36",4,"AB04KE",42,4,3,3,0
"37",4,"AB04KE",43,4,3,4,0
"38",4,"AB04KE",44,5,4,5,0
"39",4,"AB04KE",6,4,2,4,0
"40",4,"AB04KE",7,4,4,3,0
"41",4,"AB04KE",9,2,3,2,0
"42",4,"AB04KE",10,2,4,3,0
"43",4,"AB04KE",12,3,3,3,0
"44",4,"AB04KE",13,5,1,3,0
"45",4,"AB04KE",15,5,3,4,0
"46",4,"AB04KE",5,3,4,2,0
"47",5,"BJ05HG",35,2,3,2,0
"48",5,"BJ05HG",28,2,2,2,0
"49",5,"BJ05HG",29,3,2,3,0
"50",5,"BJ05HG",41,2,3,3,0
"51",5,"BJ05HG",42,3,3,2,0
"52",5,"BJ05HG",43,2,4,3,0
"53",5,"BJ05HG",44,5,4,4,0
"54",5,"BJ05HG",45,3,3,3,0
"55",5,"BJ05HG",46,4,4,3,0
"56",5,"BJ05HG",47,5,4,4,0
"57",5,"BJ05HG",48,2,2,2,0
"58",5,"BJ05HG",49,4,3,3,0
"59",5,"BJ05HG",50,4,5,3,0
"60",5,"BJ05HG",51,3,2,2,0
"61",5,"BJ05HG",52,3,2,3,0
"62",5,"BJ05HG",53,4,4,4,0
"63",5,"BJ05HG",54,3,2,2,0
"64",5,"BJ05HG",57,2,5,2,0
"65",5,"BJ05HG",61,3,4,3,0
"66",5,"BJ05HG",62,3,5,3,0
"67",5,"BJ05HG",63,1,3,2,0
"68",5,"BJ05HG",64,3,2,3,0
"69",5,"BJ05HG",65,4,4,4,0
"70",5,"BJ05HG",66,4,5,3,0
"71",5,"BJ05HG",10,2,4,4,0
"72",5,"BJ05HG",12,4,2,5,0
"73",5,"BJ05HG",13,5,1,5,0
"74",5,"BJ05HG",15,4,3,3,0
"75",5,"BJ05HG",17,3,2,3,0
"76",5,"BJ05HG",18,3,3,3,0
"77",5,"BJ05HG",19,2,5,2,0
"78",5,"BJ05HG",21,3,0,3,0
"79",5,"BJ05HG",22,2,2,3,0
"80",5,"BJ05HG",23,2,4,2,0
"81",5,"BJ05HG",24,4,1,4,0
"82",5,"BJ05HG",25,2,2,2,0
"83",5,"BJ05HG",26,4,2,5,0
"84",5,"BJ05HG",27,2,5,4,0
"85",5,"BJ05HG",39,4,3,3,0
"86",5,"BJ05HG",40,2,3,3,0
"87",5,"BJ05HG",36,4,1,4,0
"88",5,"BJ05HG",37,3,2,3,0
"89",5,"BJ05HG",9,4,2,4,0
"90",5,"BJ05HG",4,5,4,4,0
"91",5,"BJ05HG",6,3,1,4,0
"92",5,"BJ05HG",7,2,1,2,0
"93",6,"OS11TY",10,3,5,3,0
"94",6,"OS11TY",12,4,2,4,0
"95",6,"OS11TY",47,5,3,4,2
"96",6,"OS11TY",9,5,5,5,2
"97",6,"OS11TY",46,4,3,3,1
"98",6,"OS11TY",51,3,3,2,2
"99",6,"OS11TY",48,3,1,3,1
"100",6,"OS11TY",49,4,3,4,1
"101",6,"OS11TY",50,4,4,4,2
"102",6,"OS11TY",4,4,4,4,0
"103",6,"OS11TY",5,3,2,2,0
"104",6,"OS11TY",7,5,4,4,0
"105",6,"OS11TY",45,4,2,4,0
"106",6,"OS11TY",64,4,3,3,0
"107",6,"OS11TY",65,4,4,2,2
"108",6,"OS11TY",66,2,2,3,0
"109",6,"OS11TY",13,5,2,4,0
"110",6,"OS11TY",15,3,1,4,0
"111",6,"OS11TY",17,2,4,3,0
"112",6,"OS11TY",52,4,4,3,2
"113",6,"OS11TY",53,3,3,3,0
"114",6,"OS11TY",54,3,1,2,1
"115",6,"OS11TY",57,4,4,2,1
"116",6,"OS11TY",61,4,4,4,0
"117",6,"OS11TY",62,5,3,4,0
"118",6,"OS11TY",63,5,2,3,0
"119",6,"OS11TY",26,3,1,2,0
"120",6,"OS11TY",27,3,4,2,0
"121",6,"OS11TY",28,5,4,5,3
"122",6,"OS11TY",29,3,2,3,1
"123",6,"OS11TY",35,4,3,1,0
"124",6,"OS11TY",36,3,3,2,0
"125",6,"OS11TY",37,5,4,5,0
"126",6,"OS11TY",39,4,3,5,1
"127",6,"OS11TY",40,4,4,4,2
"128",6,"OS11TY",41,3,1,2,0
"129",6,"OS11TY",42,3,1,2,0
"130",6,"OS11TY",43,5,3,3,0
"131",6,"OS11TY",44,4,3,3,0
"132",6,"OS11TY",25,3,1,2,0
"133",6,"OS11TY",21,1,1,2,0
"134",6,"OS11TY",22,2,1,2,1
"135",6,"OS11TY",18,5,3,4,1
"136",6,"OS11TY",19,2,3,2,0
"137",6,"OS11TY",23,4,2,2,1
"138",6,"OS11TY",24,2,3,2,0
"139",7,"AB11KL",43,2,3,3,0
"140",7,"AB11KL",45,4,2,3,0
"141",7,"AB11KL",42,2,2,3,0
"142",7,"AB11KL",44,3,3,3,0
"143",7,"AB11KL",64,3,3,3,0
"144",7,"AB11KL",65,2,2,3,0
"145",7,"AB11KL",66,2,3,3,0
"146",7,"AB11KL",63,2,2,2,0
"147",7,"AB11KL",39,4,3,4,0
"148",7,"AB11KL",40,3,4,2,0
"149",7,"AB11KL",41,4,3,3,0
"150",7,"AB11KL",22,4,2,3,0
"151",7,"AB11KL",23,1,3,2,0
"152",7,"AB11KL",24,3,3,3,0
"153",7,"AB11KL",25,4,2,3,0
"154",7,"AB11KL",26,4,3,3,0
"155",7,"AB11KL",27,3,4,3,0
"156",7,"AB11KL",28,1,3,3,0
"157",7,"AB11KL",29,4,3,3,0
"158",7,"AB11KL",35,2,2,3,0
"159",7,"AB11KL",36,3,2,3,0
"160",7,"AB11KL",37,2,3,3,0
"161",7,"AB11KL",54,2,3,3,0
"162",7,"AB11KL",57,4,2,3,0
"163",7,"AB11KL",61,2,3,3,1
"164",7,"AB11KL",62,5,3,3,0
"165",7,"AB11KL",4,4,2,2,0
"166",7,"AB11KL",5,3,2,3,0
"167",7,"AB11KL",6,3,3,3,0
"168",7,"AB11KL",46,3,3,3,0
"169",7,"AB11KL",47,5,3,3,0
"170",7,"AB11KL",48,2,3,3,0
"171",7,"AB11KL",49,3,1,3,0
"172",7,"AB11KL",50,3,3,3,0
"173",7,"AB11KL",51,4,4,2,0
"174",7,"AB11KL",18,4,3,3,1
"175",7,"AB11KL",19,1,4,3,0
"176",7,"AB11KL",21,2,2,3,0
"177",7,"AB11KL",9,3,4,3,0
"178",7,"AB11KL",10,3,4,3,0
"179",7,"AB11KL",12,3,4,3,0
"180",7,"AB11KL",13,4,2,4,0
"181",7,"AB11KL",15,3,2,3,0
"182",7,"AB11KL",17,4,4,3,0
"183",7,"AB11KL",52,3,3,3,0
"184",7,"AB11KL",53,3,3,2,0
"185",9,"SH06JA",61,4,3,4,2
"186",9,"SH06JA",57,5,4,3,0
"187",9,"SH06JA",51,4,2,3,2
"188",9,"SH06JA",62,3,2,3,0
"189",9,"SH06JA",54,4,1,5,0
"190",9,"SH06JA",40,5,3,4,2
"191",9,"SH06JA",41,3,1,4,0
"192",9,"SH06JA",42,2,2,4,0
"193",9,"SH06JA",43,4,2,4,0
"194",9,"SH06JA",44,3,4,3,0
"195",9,"SH06JA",45,4,2,3,0
"196",9,"SH06JA",46,5,3,4,0
"197",9,"SH06JA",47,5,2,4,0
"198",9,"SH06JA",48,5,2,4,0
"199",9,"SH06JA",49,4,3,3,0
"200",9,"SH06JA",50,4,4,3,2
"201",9,"SH06JA",52,3,1,3,0
"202",9,"SH06JA",53,4,3,4,0
"203",9,"SH06JA",19,4,4,3,0
"204",9,"SH06JA",21,3,2,3,0
"205",9,"SH06JA",22,4,2,3,0
"206",9,"SH06JA",23,4,3,3,0
"207",9,"SH06JA",4,3,4,2,0
"208",9,"SH06JA",5,4,2,3,0
"209",9,"SH06JA",6,5,3,5,2
"210",9,"SH06JA",7,4,5,3,0
"211",9,"SH06JA",10,5,2,5,0
"212",9,"SH06JA",12,5,2,4,0
"213",9,"SH06JA",13,4,1,4,0
"214",9,"SH06JA",36,3,1,3,0
"215",9,"SH06JA",37,3,4,2,0
"216",9,"SH06JA",39,5,3,5,0
"217",9,"SH06JA",18,4,4,4,0
"218",9,"SH06JA",26,3,1,4,0
"219",9,"SH06JA",27,2,3,3,0
"220",9,"SH06JA",24,3,1,3,0
"221",9,"SH06JA",25,3,4,2,0
"222",9,"SH06JA",35,3,1,4,0
"223",9,"SH06JA",66,5,3,4,3
"224",9,"SH06JA",28,3,2,2,2
"225",9,"SH06JA",29,5,3,4,1
"226",9,"SH06JA",64,3,2,3,0
"227",9,"SH06JA",65,3,4,3,2
"228",9,"SH06JA",15,4,3,3,1
"229",9,"SH06JA",17,2,5,2,0
"230",9,"SH06JA",63,3,1,3,0
"231",10,"AF08LG",29,4,3,5,0
"232",10,"AF08LG",65,4,5,4,0
"233",10,"AF08LG",66,5,3,4,0
"234",10,"AF08LG",27,3,5,3,0
"235",10,"AF08LG",47,4,4,3,0
"236",10,"AF08LG",48,4,2,4,0
"237",10,"AF08LG",50,5,5,4,0
"238",10,"AF08LG",51,3,4,3,0
"239",10,"AF08LG",52,4,3,4,0
"240",10,"AF08LG",53,3,3,4,0
"241",10,"AF08LG",54,4,2,4,0
"242",10,"AF08LG",57,3,5,4,0
"243",10,"AF08LG",62,5,5,4,0
"244",10,"AF08LG",63,4,3,4,0
"245",10,"AF08LG",64,4,4,4,1
"246",10,"AF08LG",4,4,4,4,0
"247",10,"AF08LG",5,4,3,4,0
"248",10,"AF08LG",6,4,4,3,1
"249",10,"AF08LG",7,5,5,3,0
"250",10,"AF08LG",9,4,3,4,0
"251",10,"AF08LG",12,5,4,5,0
"252",10,"AF08LG",13,3,2,3,0
"253",10,"AF08LG",15,3,4,4,0
"254",10,"AF08LG",17,3,3,3,0
"255",10,"AF08LG",18,4,3,5,0
"256",10,"AF08LG",19,3,4,2,0
"257",10,"AF08LG",21,4,3,5,0
"258",10,"AF08LG",22,3,1,4,0
"259",10,"AF08LG",23,4,4,5,0
"260",10,"AF08LG",24,3,2,4,0
"261",10,"AF08LG",25,2,3,4,0
"262",10,"AF08LG",26,5,4,4,0
"263",10,"AF08LG",28,3,1,3,0
"264",10,"AF08LG",49,3,3,3,0
"265",10,"AF08LG",35,3,1,3,0
"266",10,"AF08LG",36,5,3,5,0
"267",10,"AF08LG",37,4,3,3,0
"268",10,"AF08LG",39,4,4,4,0
"269",10,"AF08LG",40,4,4,4,0
"270",10,"AF08LG",41,5,3,5,0
"271",10,"AF08LG",42,3,3,3,0
"272",10,"AF08LG",43,4,4,5,0
"273",10,"AF08LG",44,5,5,5,0
"274",10,"AF08LG",45,4,5,3,0
"275",10,"AF08LG",46,5,5,4,0
"276",10,"AF08LG",61,5,4,4,0
"277",12,"AD12TA",41,3,4,3,0
"278",12,"AD12TA",42,2,2,3,0
"279",12,"AD12TA",43,5,4,4,0
"280",12,"AD12TA",44,5,5,4,0
"281",12,"AD12TA",35,4,4,3,0
"282",12,"AD12TA",36,4,3,5,0
"283",12,"AD12TA",37,5,3,5,0
"284",12,"AD12TA",6,6,5,5,5
"285",12,"AD12TA",40,4,3,4,0
"286",12,"AD12TA",4,5,5,5,0
"287",12,"AD12TA",5,5,5,5,0
"288",12,"AD12TA",13,5,3,5,0
"289",12,"AD12TA",7,5,3,5,0
"290",12,"AD12TA",17,5,5,5,0
"291",12,"AD12TA",18,5,5,5,0
"292",12,"AD12TA",19,3,5,3,0
"293",12,"AD12TA",15,5,5,5,0
"294",12,"AD12TA",50,5,5,5,0
"295",12,"AD12TA",22,5,4,5,0
"296",12,"AD12TA",23,5,5,5,0
"297",12,"AD12TA",24,3,4,5,0
"298",12,"AD12TA",25,3,3,4,0
"299",12,"AD12TA",9,5,5,5,0
"300",12,"AD12TA",10,5,5,5,0
"301",12,"AD12TA",27,3,3,4,0
"302",12,"AD12TA",28,5,3,4,0
"303",12,"AD12TA",29,5,3,5,0
"304",12,"AD12TA",48,3,3,3,0
"305",12,"AD12TA",49,4,3,4,0
"306",12,"AD12TA",39,5,4,5,0
"307",12,"AD12TA",53,4,5,5,0
"308",12,"AD12TA",21,5,3,5,0
"309",12,"AD12TA",51,4,4,4,0
"310",12,"AD12TA",52,4,5,4,0
"311",12,"AD12TA",46,5,4,4,0
"312",12,"AD12TA",54,3,2,3,0
"313",12,"AD12TA",57,4,5,3,0
"314",12,"AD12TA",45,4,3,4,0
"315",12,"AD12TA",66,3,4,3,0
"316",12,"AD12TA",47,4,4,4,0
"317",12,"AD12TA",64,3,4,3,0
"318",12,"AD12TA",65,3,4,3,0
"319",12,"AD12TA",61,5,5,5,0
"320",12,"AD12TA",62,4,5,5,0
"321",12,"AD12TA",63,4,4,4,0
"322",12,"AD12TA",26,4,3,4,0
"323",13,"EH10ST",7,4,4,3,1
"324",13,"EH10ST",5,4,3,4,0
"325",13,"EH10ST",6,5,2,4,0
"326",13,"EH10ST",15,3,3,3,3
"327",13,"EH10ST",9,4,4,4,0
"328",13,"EH10ST",24,3,3,3,0
"329",13,"EH10ST",12,4,3,3,0
"330",13,"EH10ST",52,3,3,3,3
"331",13,"EH10ST",53,4,3,4,3
"332",13,"EH10ST",10,4,5,5,0
"333",13,"EH10ST",43,3,3,4,0
"334",13,"EH10ST",26,4,3,4,0
"335",13,"EH10ST",44,4,4,4,0
"336",13,"EH10ST",4,4,4,4,0
"337",13,"EH10ST",46,4,4,4,0
"338",13,"EH10ST",47,5,4,5,0
"339",13,"EH10ST",48,4,4,3,0
"340",13,"EH10ST",45,3,3,4,0
"341",13,"EH10ST",49,3,3,4,0
"342",13,"EH10ST",50,5,3,5,0
"343",13,"EH10ST",51,3,3,3,0
"344",13,"EH10ST",21,3,3,3,0
"345",13,"EH10ST",22,5,3,4,0
"346",13,"EH10ST",54,4,3,5,0
"347",13,"EH10ST",57,4,3,4,0
"348",13,"EH10ST",61,4,3,4,0
"349",13,"EH10ST",62,4,4,5,3
"350",13,"EH10ST",63,3,2,4,0
"351",13,"EH10ST",64,3,2,3,0
"352",13,"EH10ST",65,3,3,3,0
"353",13,"EH10ST",66,4,4,4,0
"354",13,"EH10ST",17,4,4,3,0
"355",13,"EH10ST",18,4,4,4,3
"356",13,"EH10ST",19,3,5,3,0
"357",13,"EH10ST",40,4,4,4,0
"358",13,"EH10ST",41,3,3,3,0
"359",13,"EH10ST",23,3,4,4,0
"360",13,"EH10ST",28,3,3,3,0
"361",13,"EH10ST",25,4,3,5,0
"362",13,"EH10ST",35,2,2,4,0
"363",13,"EH10ST",27,3,3,4,0
"364",13,"EH10ST",37,3,3,3,0
"365",13,"EH10ST",29,4,3,3,0
"366",13,"EH10ST",36,5,3,5,0
"367",13,"EH10ST",42,4,3,4,0
"368",13,"EH10ST",39,4,3,4,0
"369",15,"JP03WR",46,4,2,5,0
"370",15,"JP03WR",50,3,3,3,0
"371",15,"JP03WR",47,5,1,5,0
"372",15,"JP03WR",48,3,2,3,0
"373",15,"JP03WR",45,4,2,4,0
"374",15,"JP03WR",44,5,4,5,0
"375",15,"JP03WR",6,3,2,4,0
"376",15,"JP03WR",7,5,3,5,0
"377",15,"JP03WR",49,3,1,3,0
"378",15,"JP03WR",28,3,5,3,0
"379",15,"JP03WR",29,4,2,5,0
"380",15,"JP03WR",51,2,3,2,0
"381",15,"JP03WR",9,2,2,3,0
"382",15,"JP03WR",17,4,4,4,0
"383",15,"JP03WR",52,3,3,3,0
"384",15,"JP03WR",53,4,2,4,2
"385",15,"JP03WR",54,3,1,3,0
"386",15,"JP03WR",4,4,3,3,0
"387",15,"JP03WR",5,3,3,3,0
"388",15,"JP03WR",24,3,2,4,0
"389",15,"JP03WR",25,2,4,3,0
"390",15,"JP03WR",26,2,2,3,0
"391",15,"JP03WR",27,3,4,3,0
"392",15,"JP03WR",65,4,2,4,0
"393",15,"JP03WR",10,3,1,4,0
"394",15,"JP03WR",35,2,1,3,0
"395",15,"JP03WR",36,2,3,2,0
"396",15,"JP03WR",18,5,2,4,0
"397",15,"JP03WR",19,2,5,2,0
"398",15,"JP03WR",21,3,3,3,0
"399",15,"JP03WR",22,2,1,4,0
"400",15,"JP03WR",23,3,3,3,0
"401",15,"JP03WR",43,3,3,3,0
"402",15,"JP03WR",62,5,1,5,4
"403",15,"JP03WR",63,1,3,1,0
"404",15,"JP03WR",64,3,3,3,0
"405",15,"JP03WR",37,3,2,3,0
"406",15,"JP03WR",39,4,2,5,0
"407",15,"JP03WR",12,3,2,3,0
"408",15,"JP03WR",13,5,1,5,2
"409",15,"JP03WR",42,1,4,2,0
"410",15,"JP03WR",61,2,5,1,0
"411",15,"JP03WR",40,5,1,4,0
"412",15,"JP03WR",41,4,0,4,0
"413",15,"JP03WR",57,4,2,4,0
"414",15,"JP03WR",66,4,4,4,0
"415",17,"AK08BW",6,4,5,3,1
"416",17,"AK08BW",57,3,5,3,1
"417",17,"AK08BW",5,4,4,3,0
"418",17,"AK08BW",7,5,4,4,0
"419",17,"AK08BW",43,4,3,4,0
"420",17,"AK08BW",4,4,3,5,0
"421",17,"AK08BW",10,3,4,3,0
"422",17,"AK08BW",42,3,1,4,0
"423",17,"AK08BW",12,3,3,3,0
"424",17,"AK08BW",13,4,2,4,0
"425",17,"AK08BW",15,5,3,4,0
"426",17,"AK08BW",66,5,4,5,0
"427",17,"AK08BW",54,3,2,3,0
"428",17,"AK08BW",52,5,5,5,0
"429",17,"AK08BW",53,5,4,5,1
"430",17,"AK08BW",61,4,3,5,1
"431",17,"AK08BW",62,5,5,4,1
"432",17,"AK08BW",63,3,3,2,0
"433",17,"AK08BW",9,4,3,3,0
"434",17,"AK08BW",65,5,5,5,0
"435",17,"AK08BW",26,4,4,3,0
"436",17,"AK08BW",27,4,5,4,1
"437",17,"AK08BW",28,3,2,3,1
"438",17,"AK08BW",29,4,4,4,1
"439",17,"AK08BW",35,3,2,3,0
"440",17,"AK08BW",36,3,3,3,0
"441",17,"AK08BW",37,4,3,4,0
"442",17,"AK08BW",39,5,4,5,0
"443",17,"AK08BW",40,2,5,4,1
"444",17,"AK08BW",41,5,3,5,0
"445",17,"AK08BW",23,4,5,4,0
"446",17,"AK08BW",64,3,5,3,1
"447",17,"AK08BW",44,4,5,4,0
"448",17,"AK08BW",45,4,3,5,0
"449",17,"AK08BW",46,5,4,4,0
"450",17,"AK08BW",47,3,3,3,0
"451",17,"AK08BW",48,2,2,2,1
"452",17,"AK08BW",49,3,3,3,0
"453",17,"AK08BW",50,5,5,4,0
"454",17,"AK08BW",51,4,5,4,1
"455",17,"AK08BW",19,3,4,3,0
"456",17,"AK08BW",21,3,2,3,0
"457",17,"AK08BW",22,3,2,4,0
"458",17,"AK08BW",18,5,4,5,0
"459",17,"AK08BW",24,3,2,3,0
"460",17,"AK08BW",25,5,2,5,3
"461",18,"HE01DN",29,4,3,5,0
"462",18,"HE01DN",35,3,2,3,0
"463",18,"HE01DN",39,5,3,4,0
"464",18,"HE01DN",40,4,2,4,0
"465",18,"HE01DN",36,5,3,4,0
"466",18,"HE01DN",37,4,2,4,0
"467",18,"HE01DN",28,3,3,5,0
"468",18,"HE01DN",47,5,3,4,0
"469",18,"HE01DN",48,4,2,5,0
"470",18,"HE01DN",49,4,2,4,0
"471",18,"HE01DN",50,3,2,4,0
"472",18,"HE01DN",51,3,4,3,0
"473",18,"HE01DN",52,3,3,4,0
"474",18,"HE01DN",53,5,3,4,0
"475",18,"HE01DN",54,3,1,4,0
"476",18,"HE01DN",4,4,4,4,0
"477",18,"HE01DN",5,5,3,5,0
"478",18,"HE01DN",6,4,3,4,0
"479",18,"HE01DN",7,5,4,5,0
"480",18,"HE01DN",9,3,3,4,0
"481",18,"HE01DN",10,4,3,4,0
"482",18,"HE01DN",12,4,3,3,0
"483",18,"HE01DN",13,5,2,5,2
"484",18,"HE01DN",15,4,3,4,0
"485",18,"HE01DN",17,5,3,4,0
"486",18,"HE01DN",19,3,4,3,0
"487",18,"HE01DN",21,3,3,3,0
"488",18,"HE01DN",22,4,2,4,0
"489",18,"HE01DN",23,2,3,3,0
"490",18,"HE01DN",24,4,4,4,0
"491",18,"HE01DN",25,5,2,5,0
"492",18,"HE01DN",26,4,3,4,0
"493",18,"HE01DN",27,5,4,3,0
"494",18,"HE01DN",46,4,3,4,0
"495",18,"HE01DN",65,4,4,4,0
"496",18,"HE01DN",66,4,4,3,0
"497",18,"HE01DN",44,4,2,3,0
"498",18,"HE01DN",41,4,2,4,0
"499",18,"HE01DN",42,4,3,3,0
"500",18,"HE01DN",43,3,2,4,0
"501",18,"HE01DN",61,3,4,4,0
"502",18,"HE01DN",45,3,2,4,0
"503",18,"HE01DN",64,3,3,3,0
"504",18,"HE01DN",57,4,4,4,0
"505",18,"HE01DN",62,4,4,4,0
"506",18,"HE01DN",63,2,2,3,0
"507",19,"RK09EH",4,4,4,3,0
"508",19,"RK09EH",5,4,4,3,0
"509",19,"RK09EH",6,5,3,4,0
"510",19,"RK09EH",7,3,3,3,0
"511",19,"RK09EH",22,2,2,2,0
"512",19,"RK09EH",23,3,1,4,0
"513",19,"RK09EH",24,2,1,1,0
"514",19,"RK09EH",25,2,0,2,0
"515",19,"RK09EH",26,2,1,3,0
"516",19,"RK09EH",9,3,2,3,0
"517",19,"RK09EH",10,3,2,3,0
"518",19,"RK09EH",12,4,2,4,0
"519",19,"RK09EH",13,4,1,3,0
"520",19,"RK09EH",15,3,2,2,0
"521",19,"RK09EH",17,3,3,2,0
"522",19,"RK09EH",18,4,3,3,0
"523",19,"RK09EH",21,2,2,2,0
"524",19,"RK09EH",41,3,1,2,0
"525",19,"RK09EH",42,2,1,2,0
"526",19,"RK09EH",43,4,2,3,0
"527",19,"RK09EH",44,4,3,3,0
"528",19,"RK09EH",45,3,2,3,0
"529",19,"RK09EH",27,3,2,2,0
"530",19,"RK09EH",28,4,3,2,0
"531",19,"RK09EH",29,4,2,4,0
"532",19,"RK09EH",35,2,0,2,0
"533",19,"RK09EH",36,1,0,1,0
"534",19,"RK09EH",37,2,2,2,0
"535",19,"RK09EH",39,3,3,3,0
"536",19,"RK09EH",40,3,2,3,0
"537",19,"RK09EH",53,3,1,3,0
"538",19,"RK09EH",54,2,2,2,0
"539",19,"RK09EH",57,4,2,4,0
"540",19,"RK09EH",61,3,4,3,0
"541",19,"RK09EH",62,3,3,2,0
"542",19,"RK09EH",63,3,1,4,0
"543",19,"RK09EH",64,3,2,2,0
"544",19,"RK09EH",65,2,2,2,0
"545",19,"RK09EH",66,2,3,2,0
"546",19,"RK09EH",48,2,3,3,0
"547",19,"RK09EH",49,3,2,2,0
"548",19,"RK09EH",50,4,4,4,0
"549",19,"RK09EH",51,1,3,2,0
"550",19,"RK09EH",52,3,3,3,0
"551",19,"RK09EH",46,4,2,4,0
"552",19,"RK09EH",47,2,4,2,0
"553",21,"AK08BN",13,5,1,5,0
"554",21,"AK08BN",22,4,1,4,0
"555",21,"AK08BN",12,3,4,3,0
"556",21,"AK08BN",6,3,2,3,0
"557",21,"AK08BN",7,4,2,4,0
"558",21,"AK08BN",9,3,4,2,0
"559",21,"AK08BN",10,2,2,4,0
"560",21,"AK08BN",29,4,3,3,0
"561",21,"AK08BN",35,3,4,2,0
"562",21,"AK08BN",36,2,2,3,0
"563",21,"AK08BN",37,4,3,4,0
"564",21,"AK08BN",39,4,2,4,0
"565",21,"AK08BN",40,3,3,3,0
"566",21,"AK08BN",41,3,1,4,0
"567",21,"AK08BN",23,5,3,5,0
"568",21,"AK08BN",24,3,3,3,0
"569",21,"AK08BN",25,3,1,3,0
"570",21,"AK08BN",26,4,1,3,0
"571",21,"AK08BN",27,3,5,2,0
"572",21,"AK08BN",28,2,4,2,0
"573",21,"AK08BN",46,4,2,4,0
"574",21,"AK08BN",47,5,2,4,0
"575",21,"AK08BN",48,3,5,3,0
"576",21,"AK08BN",49,4,3,4,0
"577",21,"AK08BN",50,4,3,4,0
"578",21,"AK08BN",51,3,5,2,0
"579",21,"AK08BN",52,4,3,3,0
"580",21,"AK08BN",53,5,3,3,0
"581",21,"AK08BN",4,4,4,2,0
"582",21,"AK08BN",5,4,3,3,0
"583",21,"AK08BN",61,3,2,5,0
"584",21,"AK08BN",62,4,4,3,0
"585",21,"AK08BN",63,3,2,4,0
"586",21,"AK08BN",64,3,3,3,0
"587",21,"AK08BN",65,4,3,3,0
"588",21,"AK08BN",66,5,4,3,0
"589",21,"AK08BN",15,4,2,5,0
"590",21,"AK08BN",17,3,4,3,0
"591",21,"AK08BN",18,4,3,3,0
"592",21,"AK08BN",19,2,5,2,0
"593",21,"AK08BN",43,5,4,4,0
"594",21,"AK08BN",44,3,4,3,0
"595",21,"AK08BN",54,4,1,4,0
"596",21,"AK08BN",42,2,2,3,0
"597",21,"AK08BN",57,4,4,2,0
"598",21,"AK08BN",45,4,3,4,0
"599",22,"CP06HG",52,3,3,2,0
"600",22,"CP06HG",19,4,3,3,0
"601",22,"CP06HG",53,4,3,4,0
"602",22,"CP06HG",23,4,4,4,0
"603",22,"CP06HG",24,4,4,3,0
"604",22,"CP06HG",25,3,3,4,0
"605",22,"CP06HG",21,4,NA,NA,NA
"606",22,"CP06HG",9,2,3,3,0
"607",22,"CP06HG",10,2,3,3,0
"608",22,"CP06HG",12,3,3,3,0
"609",22,"CP06HG",13,4,3,4,0
"610",22,"CP06HG",15,4,3,4,0
"611",22,"CP06HG",17,4,3,3,0
"612",22,"CP06HG",18,3,3,3,0
"613",22,"CP06HG",42,2,2,2,0
"614",22,"CP06HG",43,3,3,3,0
"615",22,"CP06HG",44,3,3,3,0
"616",22,"CP06HG",45,4,3,4,0
"617",22,"CP06HG",46,3,3,3,0
"618",22,"CP06HG",47,4,4,3,0
"619",22,"CP06HG",48,4,1,3,0
"620",22,"CP06HG",49,4,4,4,0
"621",22,"CP06HG",50,3,3,3,0
"622",22,"CP06HG",51,3,3,3,0
"623",22,"CP06HG",35,3,3,3,0
"624",22,"CP06HG",36,3,2,3,0
"625",22,"CP06HG",37,3,3,2,0
"626",22,"CP06HG",39,4,4,3,0
"627",22,"CP06HG",54,4,2,4,0
"628",22,"CP06HG",57,3,3,3,0
"629",22,"CP06HG",61,4,3,3,0
"630",22,"CP06HG",62,3,4,3,0
"631",22,"CP06HG",63,2,3,1,0
"632",22,"CP06HG",64,1,3,2,1
"633",22,"CP06HG",65,3,4,3,0
"634",22,"CP06HG",66,3,3,3,0
"635",22,"CP06HG",29,4,3,4,0
"636",22,"CP06HG",40,4,3,3,0
"637",22,"CP06HG",41,3,3,3,0
"638",22,"CP06HG",27,3,4,3,0
"639",22,"CP06HG",28,3,3,2,0
"640",22,"CP06HG",7,2,4,2,1
"641",22,"CP06HG",26,3,3,3,0
"642",22,"CP06HG",4,3,3,3,0
"643",22,"CP06HG",5,3,3,3,0
"644",22,"CP06HG",6,2,2,3,0
"645",23,"NE05MN",12,4,4,4,0
"646",23,"NE05MN",37,3,1,4,0
"647",23,"NE05MN",26,3,2,4,0
"648",23,"NE05MN",27,3,5,3,0
"649",23,"NE05MN",28,4,3,4,0
"650",23,"NE05MN",13,3,4,3,0
"651",23,"NE05MN",35,3,2,4,0
"652",23,"NE05MN",36,3,2,3,0
"653",23,"NE05MN",48,3,4,2,0
"654",23,"NE05MN",39,4,3,5,0
"655",23,"NE05MN",40,3,2,3,0
"656",23,"NE05MN",7,4,4,3,0
"657",23,"NE05MN",9,3,4,3,0
"658",23,"NE05MN",10,3,2,4,0
"659",23,"NE05MN",29,4,3,4,0
"660",23,"NE05MN",64,3,4,3,0
"661",23,"NE05MN",65,4,3,4,0
"662",23,"NE05MN",15,4,2,4,0
"663",23,"NE05MN",49,3,3,3,0
"664",23,"NE05MN",50,3,4,3,0
"665",23,"NE05MN",51,4,4,4,0
"666",23,"NE05MN",4,5,3,3,0
"667",23,"NE05MN",5,4,3,3,0
"668",23,"NE05MN",6,4,4,3,0
"669",23,"NE05MN",25,3,2,4,0
"670",23,"NE05MN",44,4,4,3,0
"671",23,"NE05MN",45,3,1,3,0
"672",23,"NE05MN",63,3,3,3,0
"673",23,"NE05MN",17,4,3,3,0
"674",23,"NE05MN",46,4,3,3,0
"675",23,"NE05MN",47,3,3,3,0
"676",23,"NE05MN",66,4,4,3,0
"677",23,"NE05MN",42,3,1,4,0
"678",23,"NE05MN",18,4,3,4,0
"679",23,"NE05MN",19,3,4,2,0
"680",23,"NE05MN",41,4,2,3,0
"681",23,"NE05MN",62,3,3,3,0
"682",23,"NE05MN",43,5,2,3,0
"683",23,"NE05MN",57,3,3,3,0
"684",23,"NE05MN",61,4,3,4,0
"685",23,"NE05MN",52,4,2,4,0
"686",23,"NE05MN",53,4,4,4,0
"687",23,"NE05MN",54,3,2,4,0
"688",23,"NE05MN",24,3,2,4,0
"689",23,"NE05MN",21,3,2,3,0
"690",23,"NE05MN",22,3,1,4,0
"691",24,"JH06MZ",10,1,3,2,0
"692",24,"JH06MZ",13,4,2,4,0
"693",24,"JH06MZ",15,3,3,3,0
"694",24,"JH06MZ",27,2,4,2,0
"695",24,"JH06MZ",12,4,2,2,0
"696",24,"JH06MZ",19,1,4,1,0
"697",24,"JH06MZ",7,2,1,2,0
"698",24,"JH06MZ",17,2,4,2,0
"699",24,"JH06MZ",18,3,3,2,0
"700",24,"JH06MZ",6,4,2,1,0
"701",24,"JH06MZ",47,2,4,3,0
"702",24,"JH06MZ",9,1,4,2,0
"703",24,"JH06MZ",45,2,2,2,0
"704",24,"JH06MZ",46,1,4,2,0
"705",24,"JH06MZ",37,2,3,2,0
"706",24,"JH06MZ",29,2,2,3,0
"707",24,"JH06MZ",35,3,2,4,0
"708",24,"JH06MZ",36,3,3,4,0
"709",24,"JH06MZ",5,2,1,3,0
"710",24,"JH06MZ",63,3,3,3,0
"711",24,"JH06MZ",64,3,4,3,1
"712",24,"JH06MZ",65,2,3,3,0
"713",24,"JH06MZ",66,1,4,3,0
"714",24,"JH06MZ",50,3,4,4,0
"715",24,"JH06MZ",28,2,3,2,0
"716",24,"JH06MZ",48,3,1,3,0
"717",24,"JH06MZ",49,2,2,3,0
"718",24,"JH06MZ",22,3,2,4,0
"719",24,"JH06MZ",51,2,4,2,2
"720",24,"JH06MZ",39,3,3,4,0
"721",24,"JH06MZ",21,3,3,3,0
"722",24,"JH06MZ",40,2,1,4,0
"723",24,"JH06MZ",23,3,2,4,0
"724",24,"JH06MZ",25,2,3,3,0
"725",24,"JH06MZ",26,2,1,3,0
"726",24,"JH06MZ",44,3,3,4,0
"727",24,"JH06MZ",41,3,1,3,0
"728",24,"JH06MZ",42,1,1,3,0
"729",24,"JH06MZ",52,1,3,2,0
"730",24,"JH06MZ",61,3,2,3,1
"731",24,"JH06MZ",53,3,2,4,0
"732",24,"JH06MZ",4,4,2,2,0
"733",24,"JH06MZ",43,2,3,3,0
"734",24,"JH06MZ",54,2,4,2,0
"735",24,"JH06MZ",62,1,4,2,0
"736",24,"JH06MZ",57,3,4,3,1
"737",25,"SD11DN",57,3,2,3,0
"738",25,"SD11DN",61,3,2,3,0
"739",25,"SD11DN",62,3,1,4,0
"740",25,"SD11DN",54,3,1,4,0
"741",25,"SD11DN",15,2,4,3,0
"742",25,"SD11DN",23,3,2,3,0
"743",25,"SD11DN",24,4,1,3,0
"744",25,"SD11DN",26,4,1,4,0
"745",25,"SD11DN",21,3,1,3,0
"746",25,"SD11DN",17,4,1,4,1
"747",25,"SD11DN",18,5,1,5,0
"748",25,"SD11DN",19,1,2,3,0
"749",25,"SD11DN",46,4,1,3,0
"750",25,"SD11DN",22,3,1,4,0
"751",25,"SD11DN",44,4,2,4,0
"752",25,"SD11DN",45,4,1,3,0
"753",25,"SD11DN",13,4,0,4,0
"754",25,"SD11DN",51,3,1,4,0
"755",25,"SD11DN",52,3,1,3,0
"756",25,"SD11DN",53,4,2,4,0
"757",25,"SD11DN",40,3,2,4,0
"758",25,"SD11DN",41,3,1,3,0
"759",25,"SD11DN",63,3,1,3,0
"760",25,"SD11DN",64,3,2,3,0
"761",25,"SD11DN",65,4,2,3,0
"762",25,"SD11DN",66,4,1,3,0
"763",25,"SD11DN",47,4,2,3,0
"764",25,"SD11DN",48,3,2,3,0
"765",25,"SD11DN",49,3,1,4,0
"766",25,"SD11DN",50,4,3,4,0
"767",25,"SD11DN",12,4,3,3,0
"768",25,"SD11DN",36,3,0,3,0
"769",25,"SD11DN",37,3,1,4,0
"770",25,"SD11DN",28,3,2,4,0
"771",25,"SD11DN",39,4,1,4,0
"772",25,"SD11DN",42,4,0,3,0
"773",25,"SD11DN",43,3,1,4,0
"774",25,"SD11DN",6,4,1,4,0
"775",25,"SD11DN",4,4,3,3,0
"776",25,"SD11DN",5,4,1,4,0
"777",25,"SD11DN",27,4,0,4,0
"778",25,"SD11DN",29,3,3,4,0
"779",25,"SD11DN",35,3,1,3,0
"780",25,"SD11DN",10,3,2,3,0
"781",25,"SD11DN",7,3,3,3,0
"782",25,"SD11DN",9,3,2,3,0
"783",26,"HP07WR",47,5,4,4,0
"784",26,"HP07WR",48,4,3,3,0
"785",26,"HP07WR",37,5,5,5,0
"786",26,"HP07WR",39,5,5,5,0
"787",26,"HP07WR",45,5,4,4,0
"788",26,"HP07WR",46,5,5,5,0
"789",26,"HP07WR",42,3,0,3,0
"790",26,"HP07WR",43,5,5,5,0
"791",26,"HP07WR",44,5,5,5,0
"792",26,"HP07WR",6,4,1,4,0
"793",26,"HP07WR",7,5,5,4,0
"794",26,"HP07WR",9,5,5,4,0
"795",26,"HP07WR",10,5,5,4,0
"796",26,"HP07WR",49,5,4,5,0
"797",26,"HP07WR",50,5,5,4,0
"798",26,"HP07WR",51,4,5,4,0
"799",26,"HP07WR",52,4,1,4,0
"800",26,"HP07WR",40,5,5,5,0
"801",26,"HP07WR",41,4,3,3,0
"802",26,"HP07WR",21,4,1,4,0
"803",26,"HP07WR",22,4,4,4,0
"804",26,"HP07WR",23,5,5,4,0
"805",26,"HP07WR",24,4,2,4,0
"806",26,"HP07WR",25,5,0,5,0
"807",26,"HP07WR",27,5,5,5,0
"808",26,"HP07WR",28,3,2,3,0
"809",26,"HP07WR",29,5,4,5,0
"810",26,"HP07WR",35,5,1,5,0
"811",26,"HP07WR",36,3,2,3,0
"812",26,"HP07WR",15,5,5,5,0
"813",26,"HP07WR",17,5,4,5,0
"814",26,"HP07WR",53,5,4,5,0
"815",26,"HP07WR",54,5,2,5,0
"816",26,"HP07WR",57,5,5,5,0
"817",26,"HP07WR",4,5,4,5,3
"818",26,"HP07WR",5,5,3,5,0
"819",26,"HP07WR",63,4,5,4,0
"820",26,"HP07WR",64,5,4,4,0
"821",26,"HP07WR",65,5,5,5,0
"822",26,"HP07WR",66,3,4,3,0
"823",26,"HP07WR",12,5,3,4,0
"824",26,"HP07WR",13,5,0,5,0
"825",26,"HP07WR",18,5,4,5,0
"826",26,"HP07WR",19,5,5,3,0
"827",26,"HP07WR",61,5,5,5,0
"828",26,"HP07WR",62,4,4,4,0
"829",27,"AV01GZ",29,3,1,5,0
"830",27,"AV01GZ",35,2,1,2,0
"831",27,"AV01GZ",36,1,5,0,0
"832",27,"AV01GZ",50,4,5,3,0
"833",27,"AV01GZ",28,2,5,2,0
"834",27,"AV01GZ",48,3,1,4,0
"835",27,"AV01GZ",49,4,2,4,0
"836",27,"AV01GZ",41,3,0,4,0
"837",27,"AV01GZ",37,1,5,3,0
"838",27,"AV01GZ",39,4,3,3,0
"839",27,"AV01GZ",40,4,4,4,0
"840",27,"AV01GZ",45,3,3,3,0
"841",27,"AV01GZ",46,3,1,4,0
"842",27,"AV01GZ",47,5,3,5,0
"843",27,"AV01GZ",10,4,5,4,0
"844",27,"AV01GZ",12,3,3,3,0
"845",27,"AV01GZ",13,5,2,5,0
"846",27,"AV01GZ",15,3,5,2,0
"847",27,"AV01GZ",17,5,3,5,0
"848",27,"AV01GZ",18,4,4,4,0
"849",27,"AV01GZ",19,2,4,1,0
"850",27,"AV01GZ",42,4,1,3,0
"851",27,"AV01GZ",43,4,3,4,0
"852",27,"AV01GZ",44,5,5,4,0
"853",27,"AV01GZ",24,1,4,1,0
"854",27,"AV01GZ",25,3,2,5,0
"855",27,"AV01GZ",26,4,1,3,0
"856",27,"AV01GZ",7,4,5,4,0
"857",27,"AV01GZ",9,2,5,2,0
"858",27,"AV01GZ",65,5,4,4,0
"859",27,"AV01GZ",66,4,4,4,0
"860",27,"AV01GZ",51,3,5,3,0
"861",27,"AV01GZ",52,3,5,2,0
"862",27,"AV01GZ",53,5,2,5,0
"863",27,"AV01GZ",21,2,3,2,0
"864",27,"AV01GZ",22,3,0,4,0
"865",27,"AV01GZ",23,4,4,4,0
"866",27,"AV01GZ",4,4,5,2,0
"867",27,"AV01GZ",5,5,2,4,0
"868",27,"AV01GZ",6,3,5,3,0
"869",27,"AV01GZ",62,1,4,3,0
"870",27,"AV01GZ",63,2,4,2,0
"871",27,"AV01GZ",64,2,4,3,0
"872",27,"AV01GZ",57,4,4,4,0
"873",27,"AV01GZ",61,2,3,2,0
"874",27,"AV01GZ",54,3,0,3,1
"875",28,"ES08NB",51,2,5,2,1
"876",28,"ES08NB",52,4,3,3,1
"877",28,"ES08NB",54,3,2,3,0
"878",28,"ES08NB",57,4,4,3,1
"879",28,"ES08NB",61,4,2,3,2
"880",28,"ES08NB",53,3,3,3,0
"881",28,"ES08NB",64,4,4,3,1
"882",28,"ES08NB",65,5,4,3,2
"883",28,"ES08NB",66,4,3,4,0
"884",28,"ES08NB",39,5,4,5,2
"885",28,"ES08NB",50,5,4,5,1
"886",28,"ES08NB",49,5,3,4,2
"887",28,"ES08NB",12,4,3,4,0
"888",28,"ES08NB",13,4,2,4,0
"889",28,"ES08NB",15,5,3,4,0
"890",28,"ES08NB",40,4,3,4,2
"891",28,"ES08NB",41,3,4,3,0
"892",28,"ES08NB",62,4,3,3,0
"893",28,"ES08NB",63,3,2,3,0
"894",28,"ES08NB",4,4,3,3,0
"895",28,"ES08NB",5,4,3,4,0
"896",28,"ES08NB",6,5,4,4,2
"897",28,"ES08NB",7,5,4,5,0
"898",28,"ES08NB",9,4,4,3,2
"899",28,"ES08NB",10,5,4,5,0
"900",28,"ES08NB",29,5,3,5,1
"901",28,"ES08NB",35,3,2,3,0
"902",28,"ES08NB",36,3,3,4,0
"903",28,"ES08NB",37,4,3,3,0
"904",28,"ES08NB",17,4,3,3,0
"905",28,"ES08NB",18,4,3,4,0
"906",28,"ES08NB",42,3,2,4,0
"907",28,"ES08NB",22,4,3,4,0
"908",28,"ES08NB",23,5,3,4,0
"909",28,"ES08NB",24,4,4,3,0
"910",28,"ES08NB",25,3,2,3,0
"911",28,"ES08NB",26,4,3,3,0
"912",28,"ES08NB",27,4,5,4,0
"913",28,"ES08NB",44,4,4,3,0
"914",28,"ES08NB",45,4,3,3,1
"915",28,"ES08NB",19,2,5,2,0
"916",28,"ES08NB",43,4,3,3,1
"917",28,"ES08NB",48,4,2,3,0
"918",28,"ES08NB",46,5,3,5,2
"919",28,"ES08NB",47,4,4,3,2
"920",28,"ES08NB",21,3,2,4,0
"921",29,"EW08CD",45,3,1,3,0
"922",29,"EW08CD",46,4,2,4,0
"923",29,"EW08CD",49,3,2,4,0
"924",29,"EW08CD",50,4,3,4,3
"925",29,"EW08CD",53,3,3,4,0
"926",29,"EW08CD",54,3,1,4,0
"927",29,"EW08CD",57,2,3,2,0
"928",29,"EW08CD",61,4,3,4,3
"929",29,"EW08CD",62,1,3,2,1
"930",29,"EW08CD",63,2,0,4,0
"931",29,"EW08CD",64,3,3,2,0
"932",29,"EW08CD",47,3,3,2,3
"933",29,"EW08CD",48,1,3,0,0
"934",29,"EW08CD",28,3,3,4,0
"935",29,"EW08CD",35,2,2,3,0
"936",29,"EW08CD",51,3,4,3,1
"937",29,"EW08CD",52,4,5,3,0
"938",29,"EW08CD",39,4,3,4,0
"939",29,"EW08CD",40,4,1,4,3
"940",29,"EW08CD",41,2,2,2,0
"941",29,"EW08CD",42,0,0,1,0
"942",29,"EW08CD",43,4,0,4,0
"943",29,"EW08CD",44,3,4,3,0
"944",29,"EW08CD",5,4,2,4,0
"945",29,"EW08CD",6,5,1,4,1
"946",29,"EW08CD",7,2,4,3,0
"947",29,"EW08CD",9,2,3,3,0
"948",29,"EW08CD",10,2,4,4,0
"949",29,"EW08CD",36,3,4,2,0
"950",29,"EW08CD",37,3,2,4,0
"951",29,"EW08CD",17,3,4,3,0
"952",29,"EW08CD",18,2,2,4,0
"953",29,"EW08CD",19,0,4,2,0
"954",29,"EW08CD",21,3,1,3,0
"955",29,"EW08CD",22,2,2,4,0
"956",29,"EW08CD",4,3,4,2,0
"957",29,"EW08CD",24,2,1,2,0
"958",29,"EW08CD",25,1,0,1,0
"959",29,"EW08CD",26,3,1,4,0
"960",29,"EW08CD",27,4,3,2,0
"961",29,"EW08CD",65,4,3,4,0
"962",29,"EW08CD",66,3,4,3,0
"963",29,"EW08CD",12,4,1,3,0
"964",29,"EW08CD",13,3,0,3,0
"965",29,"EW08CD",15,4,3,4,0
"966",29,"EW08CD",23,3,3,4,0
"967",35,"AW07RB",12,4,3,4,0
"968",35,"AW07RB",13,4,2,4,0
"969",35,"AW07RB",15,4,3,4,0
"970",35,"AW07RB",17,3,3,3,0
"971",35,"AW07RB",18,3,4,3,0
"972",35,"AW07RB",19,3,4,3,0
"973",35,"AW07RB",21,3,3,4,0
"974",35,"AW07RB",22,4,3,4,0
"975",35,"AW07RB",23,4,3,4,0
"976",35,"AW07RB",24,3,3,3,0
"977",35,"AW07RB",25,3,2,4,0
"978",35,"AW07RB",26,4,3,4,0
"979",35,"AW07RB",27,3,4,3,0
"980",35,"AW07RB",28,4,3,3,0
"981",35,"AW07RB",29,4,3,4,0
"982",35,"AW07RB",36,4,3,4,0
"983",35,"AW07RB",37,4,4,4,0
"984",35,"AW07RB",39,4,3,4,0
"985",35,"AW07RB",40,4,3,4,0
"986",35,"AW07RB",41,4,3,3,0
"987",35,"AW07RB",42,3,3,3,0
"988",35,"AW07RB",43,4,4,3,0
"989",35,"AW07RB",44,3,4,3,0
"990",35,"AW07RB",45,4,3,3,0
"991",35,"AW07RB",46,3,4,3,0
"992",35,"AW07RB",47,3,4,3,0
"993",35,"AW07RB",48,4,3,4,0
"994",35,"AW07RB",49,3,3,3,0
"995",35,"AW07RB",50,3,4,3,0
"996",35,"AW07RB",51,4,3,3,0
"997",35,"AW07RB",52,4,4,4,0
"998",35,"AW07RB",53,4,2,4,0
"999",35,"AW07RB",54,3,2,3,0
"1000",35,"AW07RB",57,4,3,3,0
"1001",35,"AW07RB",4,4,3,4,0
"1002",35,"AW07RB",5,4,2,4,0
"1003",35,"AW07RB",6,4,3,4,0
"1004",35,"AW07RB",7,4,4,4,0
"1005",35,"AW07RB",9,3,4,3,0
"1006",35,"AW07RB",10,4,4,4,0
"1007",35,"AW07RB",66,3,4,3,0
"1008",35,"AW07RB",62,4,4,4,0
"1009",35,"AW07RB",63,4,3,4,0
"1010",35,"AW07RB",64,3,4,3,0
"1011",35,"AW07RB",61,4,3,3,0
"1012",35,"AW07RB",65,3,4,4,0
"1013",36,"CR08PS",7,4,4,3,0
"1014",36,"CR08PS",9,3,4,2,0
"1015",36,"CR08PS",10,4,3,4,0
"1016",36,"CR08PS",39,4,4,4,0
"1017",36,"CR08PS",40,3,4,3,0
"1018",36,"CR08PS",41,3,3,3,0
"1019",36,"CR08PS",42,3,2,3,0
"1020",36,"CR08PS",43,4,3,4,0
"1021",36,"CR08PS",44,4,4,4,0
"1022",36,"CR08PS",45,4,3,4,0
"1023",36,"CR08PS",46,4,3,4,0
"1024",36,"CR08PS",47,5,4,5,0
"1025",36,"CR08PS",48,3,2,2,0
"1026",36,"CR08PS",49,4,3,3,0
"1027",36,"CR08PS",50,4,3,4,0
"1028",36,"CR08PS",51,4,4,3,0
"1029",36,"CR08PS",52,5,4,5,0
"1030",36,"CR08PS",53,4,3,4,0
"1031",36,"CR08PS",54,4,2,5,0
"1032",36,"CR08PS",57,3,5,3,0
"1033",36,"CR08PS",4,5,4,4,0
"1034",36,"CR08PS",5,4,2,4,0
"1035",36,"CR08PS",6,5,2,4,0
"1036",36,"CR08PS",64,4,4,4,0
"1037",36,"CR08PS",65,4,5,4,0
"1038",36,"CR08PS",66,3,4,3,0
"1039",36,"CR08PS",12,5,3,4,0
"1040",36,"CR08PS",13,4,1,4,0
"1041",36,"CR08PS",15,4,1,4,0
"1042",36,"CR08PS",17,5,5,4,0
"1043",36,"CR08PS",18,5,5,4,0
"1044",36,"CR08PS",19,4,5,3,0
"1045",36,"CR08PS",21,3,1,3,0
"1046",36,"CR08PS",22,3,3,3,0
"1047",36,"CR08PS",23,5,3,4,0
"1048",36,"CR08PS",24,3,1,3,0
"1049",36,"CR08PS",25,3,1,3,0
"1050",36,"CR08PS",26,4,3,4,0
"1051",36,"CR08PS",27,4,4,4,0
"1052",36,"CR08PS",28,4,3,4,0
"1053",36,"CR08PS",29,4,3,3,0
"1054",36,"CR08PS",35,4,3,4,0
"1055",36,"CR08PS",37,4,3,4,0
"1056",36,"CR08PS",61,4,4,4,0
"1057",36,"CR08PS",62,4,5,3,0
"1058",36,"CR08PS",63,3,2,3,0
"1059",37,"MP09LU",65,2,2,3,0
"1060",37,"MP09LU",62,2,2,3,0
"1061",37,"MP09LU",63,2,1,3,0
"1062",37,"MP09LU",64,3,4,2,0
"1063",37,"MP09LU",51,3,2,3,0
"1064",37,"MP09LU",66,3,3,3,0
"1065",37,"MP09LU",49,2,1,4,0
"1066",37,"MP09LU",50,3,3,2,0
"1067",37,"MP09LU",21,3,3,3,0
"1068",37,"MP09LU",22,2,2,3,0
"1069",37,"MP09LU",23,3,4,3,0
"1070",37,"MP09LU",24,3,3,2,0
"1071",37,"MP09LU",25,2,1,2,0
"1072",37,"MP09LU",26,3,2,3,0
"1073",37,"MP09LU",27,3,2,4,0
"1074",37,"MP09LU",28,3,4,3,0
"1075",37,"MP09LU",29,4,2,4,0
"1076",37,"MP09LU",35,3,0,4,0
"1077",37,"MP09LU",36,4,2,4,0
"1078",37,"MP09LU",39,3,3,4,0
"1079",37,"MP09LU",40,3,2,4,0
"1080",37,"MP09LU",41,3,2,2,0
"1081",37,"MP09LU",42,2,2,2,0
"1082",37,"MP09LU",43,3,2,4,0
"1083",37,"MP09LU",44,3,3,3,0
"1084",37,"MP09LU",45,2,2,2,0
"1085",37,"MP09LU",46,2,3,3,0
"1086",37,"MP09LU",47,3,2,3,0
"1087",37,"MP09LU",48,3,1,3,0
"1088",37,"MP09LU",10,2,2,4,0
"1089",37,"MP09LU",12,3,4,5,0
"1090",37,"MP09LU",13,4,2,4,0
"1091",37,"MP09LU",52,2,2,3,0
"1092",37,"MP09LU",53,2,2,3,0
"1093",37,"MP09LU",54,2,1,3,0
"1094",37,"MP09LU",57,2,3,2,0
"1095",37,"MP09LU",61,5,2,5,0
"1096",37,"MP09LU",4,5,4,5,0
"1097",37,"MP09LU",5,4,1,4,0
"1098",37,"MP09LU",6,4,3,4,0
"1099",37,"MP09LU",7,5,4,4,1
"1100",37,"MP09LU",9,3,4,3,0
"1101",37,"MP09LU",17,3,3,3,0
"1102",37,"MP09LU",18,3,2,4,0
"1103",37,"MP09LU",19,1,4,2,0
"1104",37,"MP09LU",15,4,2,4,0
"1105",39,"GG08IT",47,5,3,5,2
"1106",39,"GG08IT",50,4,4,4,1
"1107",39,"GG08IT",51,3,4,2,2
"1108",39,"GG08IT",48,4,1,4,0
"1109",39,"GG08IT",49,3,1,4,2
"1110",39,"GG08IT",45,3,3,4,0
"1111",39,"GG08IT",46,3,2,4,2
"1112",39,"GG08IT",65,4,5,2,1
"1113",39,"GG08IT",66,4,2,4,0
"1114",39,"GG08IT",9,5,2,4,1
"1115",39,"GG08IT",10,4,3,3,1
"1116",39,"GG08IT",12,3,4,3,0
"1117",39,"GG08IT",13,4,0,4,0
"1118",39,"GG08IT",44,5,3,3,0
"1119",39,"GG08IT",63,2,2,2,0
"1120",39,"GG08IT",64,2,3,3,0
"1121",39,"GG08IT",25,2,1,3,0
"1122",39,"GG08IT",26,4,1,4,0
"1123",39,"GG08IT",27,4,4,3,0
"1124",39,"GG08IT",28,3,4,3,0
"1125",39,"GG08IT",29,5,2,5,1
"1126",39,"GG08IT",35,2,4,2,1
"1127",39,"GG08IT",36,4,1,4,0
"1128",39,"GG08IT",37,5,2,4,0
"1129",39,"GG08IT",40,5,4,4,1
"1130",39,"GG08IT",41,3,1,4,0
"1131",39,"GG08IT",42,4,1,4,0
"1132",39,"GG08IT",43,4,1,3,0
"1133",39,"GG08IT",4,3,4,3,0
"1134",39,"GG08IT",5,4,3,3,0
"1135",39,"GG08IT",6,4,5,2,1
"1136",39,"GG08IT",7,5,4,4,0
"1137",39,"GG08IT",53,3,3,3,0
"1138",39,"GG08IT",54,3,1,3,0
"1139",39,"GG08IT",57,3,4,2,0
"1140",39,"GG08IT",52,4,5,2,2
"1141",39,"GG08IT",62,3,5,4,0
"1142",39,"GG08IT",22,4,1,5,0
"1143",39,"GG08IT",23,5,4,3,0
"1144",39,"GG08IT",61,4,4,4,1
"1145",39,"GG08IT",19,3,4,2,0
"1146",39,"GG08IT",15,4,2,3,0
"1147",39,"GG08IT",17,4,3,2,0
"1148",39,"GG08IT",24,5,2,4,0
"1149",39,"GG08IT",21,3,2,4,0
"1150",39,"GG08IT",18,5,3,4,0
"1151",40,"NL07ET",15,3,4,3,0
"1152",40,"NL07ET",17,2,3,3,0
"1153",40,"NL07ET",18,4,3,4,0
"1154",40,"NL07ET",19,1,4,2,0
"1155",40,"NL07ET",21,3,3,3,0
"1156",40,"NL07ET",4,4,4,3,0
"1157",40,"NL07ET",5,4,2,4,0
"1158",40,"NL07ET",6,3,4,4,2
"1159",40,"NL07ET",7,5,3,4,0
"1160",40,"NL07ET",9,3,4,3,2
"1161",40,"NL07ET",10,4,3,3,0
"1162",40,"NL07ET",12,5,2,4,0
"1163",40,"NL07ET",13,4,2,4,0
"1164",40,"NL07ET",29,4,3,3,3
"1165",40,"NL07ET",35,3,3,4,0
"1166",40,"NL07ET",36,3,3,4,0
"1167",40,"NL07ET",37,3,3,4,0
"1168",40,"NL07ET",39,4,3,4,1
"1169",40,"NL07ET",41,3,2,4,0
"1170",40,"NL07ET",42,4,2,4,0
"1171",40,"NL07ET",43,4,3,4,0
"1172",40,"NL07ET",44,3,4,2,0
"1173",40,"NL07ET",45,4,2,5,0
"1174",40,"NL07ET",46,4,3,4,0
"1175",40,"NL07ET",47,3,4,3,3
"1176",40,"NL07ET",48,4,1,4,0
"1177",40,"NL07ET",49,4,3,3,0
"1178",40,"NL07ET",50,5,3,4,3
"1179",40,"NL07ET",51,1,4,2,2
"1180",40,"NL07ET",52,2,3,3,2
"1181",40,"NL07ET",53,4,3,4,0
"1182",40,"NL07ET",54,3,2,5,0
"1183",40,"NL07ET",57,4,1,4,0
"1184",40,"NL07ET",61,4,4,4,3
"1185",40,"NL07ET",62,3,3,4,0
"1186",40,"NL07ET",63,4,2,4,0
"1187",40,"NL07ET",64,3,4,3,0
"1188",40,"NL07ET",65,4,3,3,1
"1189",40,"NL07ET",66,3,4,4,0
"1190",40,"NL07ET",28,4,3,4,2
"1191",40,"NL07ET",24,3,3,4,0
"1192",40,"NL07ET",25,2,0,3,0
"1193",40,"NL07ET",22,4,1,3,0
"1194",40,"NL07ET",23,4,2,4,0
"1195",40,"NL07ET",26,3,3,4,0
"1196",40,"NL07ET",27,3,4,3,0
"1197",41,"TV05CS",66,2,5,0,0
"1198",41,"TV05CS",50,5,4,3,0
"1199",41,"TV05CS",9,1,0,2,0
"1200",41,"TV05CS",12,5,3,4,0
"1201",41,"TV05CS",13,4,2,5,0
"1202",41,"TV05CS",15,4,3,3,0
"1203",41,"TV05CS",10,2,3,2,0
"1204",41,"TV05CS",21,0,2,2,0
"1205",41,"TV05CS",22,3,2,4,0
"1206",41,"TV05CS",23,2,3,3,0
"1207",41,"TV05CS",24,2,2,3,0
"1208",41,"TV05CS",25,1,0,1,0
"1209",41,"TV05CS",26,3,2,4,0
"1210",41,"TV05CS",27,3,4,3,0
"1211",41,"TV05CS",28,0,3,2,0
"1212",41,"TV05CS",29,2,1,4,0
"1213",41,"TV05CS",35,2,1,4,0
"1214",41,"TV05CS",36,3,1,3,0
"1215",41,"TV05CS",37,5,2,4,0
"1216",41,"TV05CS",39,2,1,4,0
"1217",41,"TV05CS",40,3,2,4,0
"1218",41,"TV05CS",42,3,1,3,0
"1219",41,"TV05CS",43,2,4,3,0
"1220",41,"TV05CS",44,3,5,3,0
"1221",41,"TV05CS",45,1,5,4,0
"1222",41,"TV05CS",46,5,3,3,0
"1223",41,"TV05CS",47,5,3,4,0
"1224",41,"TV05CS",48,1,2,3,0
"1225",41,"TV05CS",49,4,2,4,0
"1226",41,"TV05CS",51,3,1,3,0
"1227",41,"TV05CS",52,4,4,4,0
"1228",41,"TV05CS",53,5,5,5,0
"1229",41,"TV05CS",54,3,1,5,0
"1230",41,"TV05CS",57,1,3,0,0
"1231",41,"TV05CS",61,5,4,5,0
"1232",41,"TV05CS",62,4,5,5,0
"1233",41,"TV05CS",63,3,2,4,0
"1234",41,"TV05CS",64,4,5,5,0
"1235",41,"TV05CS",65,4,4,3,0
"1236",41,"TV05CS",4,3,2,2,0
"1237",41,"TV05CS",5,4,4,3,0
"1238",41,"TV05CS",6,5,2,4,0
"1239",41,"TV05CS",7,3,1,4,0
"1240",41,"TV05CS",18,5,5,4,0
"1241",41,"TV05CS",19,1,1,2,0
"1242",41,"TV05CS",17,2,2,2,0
"1243",42,"SN01HE",62,1,4,2,0
"1244",42,"SN01HE",66,2,3,3,0
"1245",42,"SN01HE",63,3,3,3,0
"1246",42,"SN01HE",64,3,3,4,1
"1247",42,"SN01HE",65,4,3,4,0
"1248",42,"SN01HE",21,3,2,3,0
"1249",42,"SN01HE",22,3,1,4,0
"1250",42,"SN01HE",23,4,3,3,0
"1251",42,"SN01HE",24,4,2,3,0
"1252",42,"SN01HE",25,3,1,4,0
"1253",42,"SN01HE",26,3,3,3,0
"1254",42,"SN01HE",10,2,2,4,0
"1255",42,"SN01HE",12,3,3,3,0
"1256",42,"SN01HE",13,4,1,4,0
"1257",42,"SN01HE",15,3,3,3,0
"1258",42,"SN01HE",17,3,4,3,0
"1259",42,"SN01HE",18,3,2,4,0
"1260",42,"SN01HE",19,2,3,2,0
"1261",42,"SN01HE",41,3,2,3,0
"1262",42,"SN01HE",43,4,3,3,0
"1263",42,"SN01HE",44,4,4,3,0
"1264",42,"SN01HE",45,3,3,4,0
"1265",42,"SN01HE",46,3,3,3,0
"1266",42,"SN01HE",47,4,4,3,0
"1267",42,"SN01HE",48,3,2,4,1
"1268",42,"SN01HE",49,3,2,3,0
"1269",42,"SN01HE",50,3,4,3,0
"1270",42,"SN01HE",51,3,2,3,0
"1271",42,"SN01HE",52,3,4,3,2
"1272",42,"SN01HE",53,3,3,3,0
"1273",42,"SN01HE",54,3,1,3,0
"1274",42,"SN01HE",57,4,3,2,0
"1275",42,"SN01HE",61,2,4,3,0
"1276",42,"SN01HE",4,4,3,4,0
"1277",42,"SN01HE",5,4,3,4,0
"1278",42,"SN01HE",6,3,2,3,0
"1279",42,"SN01HE",7,2,3,4,0
"1280",42,"SN01HE",9,3,2,3,0
"1281",42,"SN01HE",27,2,4,3,0
"1282",42,"SN01HE",28,3,2,4,0
"1283",42,"SN01HE",29,3,3,3,0
"1284",42,"SN01HE",35,2,1,4,0
"1285",42,"SN01HE",36,3,1,3,0
"1286",42,"SN01HE",37,4,4,3,0
"1287",42,"SN01HE",39,3,3,3,0
"1288",42,"SN01HE",40,4,3,4,0
"1289",43,"AW10DU",4,5,3,4,0
"1290",43,"AW10DU",5,4,2,4,0
"1291",43,"AW10DU",7,4,2,4,0
"1292",43,"AW10DU",9,3,3,3,0
"1293",43,"AW10DU",10,3,2,4,0
"1294",43,"AW10DU",6,5,2,5,0
"1295",43,"AW10DU",29,5,2,4,0
"1296",43,"AW10DU",35,3,1,4,0
"1297",43,"AW10DU",36,3,2,3,0
"1298",43,"AW10DU",37,4,4,3,0
"1299",43,"AW10DU",39,4,3,5,0
"1300",43,"AW10DU",40,4,3,4,1
"1301",43,"AW10DU",41,3,2,4,0
"1302",43,"AW10DU",42,3,2,3,0
"1303",43,"AW10DU",44,4,4,3,0
"1304",43,"AW10DU",45,4,4,3,0
"1305",43,"AW10DU",46,4,3,4,1
"1306",43,"AW10DU",47,5,2,4,0
"1307",43,"AW10DU",48,3,3,3,0
"1308",43,"AW10DU",49,4,2,3,0
"1309",43,"AW10DU",50,5,3,4,0
"1310",43,"AW10DU",51,3,3,3,1
"1311",43,"AW10DU",52,3,3,3,0
"1312",43,"AW10DU",53,4,3,4,1
"1313",43,"AW10DU",54,3,2,4,0
"1314",43,"AW10DU",57,3,3,2,0
"1315",43,"AW10DU",61,4,3,3,0
"1316",43,"AW10DU",62,3,3,3,0
"1317",43,"AW10DU",63,3,2,3,0
"1318",43,"AW10DU",64,3,2,3,0
"1319",43,"AW10DU",65,3,4,3,0
"1320",43,"AW10DU",66,3,3,2,0
"1321",43,"AW10DU",12,4,2,4,0
"1322",43,"AW10DU",13,5,1,5,0
"1323",43,"AW10DU",15,4,2,4,0
"1324",43,"AW10DU",17,4,4,4,0
"1325",43,"AW10DU",18,4,3,4,0
"1326",43,"AW10DU",19,3,3,3,0
"1327",43,"AW10DU",21,3,2,3,0
"1328",43,"AW10DU",22,4,3,5,0
"1329",43,"AW10DU",23,4,3,4,0
"1330",43,"AW10DU",24,3,2,3,0
"1331",43,"AW10DU",25,3,1,4,0
"1332",43,"AW10DU",26,3,2,3,0
"1333",43,"AW10DU",27,4,4,4,0
"1334",43,"AW10DU",28,3,3,4,0
"1335",44,"BJ04LG",5,3,2,3,0
"1336",44,"BJ04LG",7,4,4,3,0
"1337",44,"BJ04LG",9,5,3,4,0
"1338",44,"BJ04LG",10,4,3,2,0
"1339",44,"BJ04LG",6,3,4,3,0
"1340",44,"BJ04LG",50,4,4,3,0
"1341",44,"BJ04LG",51,3,4,3,0
"1342",44,"BJ04LG",52,4,4,4,0
"1343",44,"BJ04LG",53,5,3,4,0
"1344",44,"BJ04LG",54,4,2,3,0
"1345",44,"BJ04LG",57,4,5,2,0
"1346",44,"BJ04LG",4,4,4,4,0
"1347",44,"BJ04LG",23,4,3,4,0
"1348",44,"BJ04LG",24,3,2,2,0
"1349",44,"BJ04LG",25,2,1,2,0
"1350",44,"BJ04LG",26,4,2,4,0
"1351",44,"BJ04LG",27,3,5,2,0
"1352",44,"BJ04LG",28,4,4,4,0
"1353",44,"BJ04LG",29,5,3,4,0
"1354",44,"BJ04LG",35,3,2,3,0
"1355",44,"BJ04LG",36,4,2,4,0
"1356",44,"BJ04LG",37,4,4,3,0
"1357",44,"BJ04LG",39,5,4,4,0
"1358",44,"BJ04LG",40,4,3,4,0
"1359",44,"BJ04LG",41,4,2,4,0
"1360",44,"BJ04LG",42,3,3,2,0
"1361",44,"BJ04LG",43,5,4,4,0
"1362",44,"BJ04LG",45,3,3,3,0
"1363",44,"BJ04LG",46,5,4,4,0
"1364",44,"BJ04LG",47,4,4,4,0
"1365",44,"BJ04LG",48,4,1,4,0
"1366",44,"BJ04LG",49,4,3,3,0
"1367",44,"BJ04LG",13,4,3,4,0
"1368",44,"BJ04LG",15,5,4,4,0
"1369",44,"BJ04LG",17,5,4,4,0
"1370",44,"BJ04LG",18,4,3,3,0
"1371",44,"BJ04LG",19,2,5,2,0
"1372",44,"BJ04LG",21,4,3,3,0
"1373",44,"BJ04LG",61,3,4,4,0
"1374",44,"BJ04LG",62,2,3,3,0
"1375",44,"BJ04LG",63,4,3,4,0
"1376",44,"BJ04LG",64,5,3,5,0
"1377",44,"BJ04LG",65,5,4,4,0
"1378",44,"BJ04LG",66,2,4,3,0
"1379",44,"BJ04LG",12,4,2,4,0
"1380",44,"BJ04LG",22,4,2,3,0
"1381",45,"NF12BN",17,2,2,3,0
"1382",45,"NF12BN",66,4,5,3,0
"1383",45,"NF12BN",15,5,4,4,0
"1384",45,"NF12BN",27,2,3,4,0
"1385",45,"NF12BN",29,3,4,4,0
"1386",45,"NF12BN",35,2,0,3,0
"1387",45,"NF12BN",36,3,4,3,0
"1388",45,"NF12BN",28,2,4,2,0
"1389",45,"NF12BN",18,4,1,3,0
"1390",45,"NF12BN",19,3,4,2,0
"1391",45,"NF12BN",21,2,2,3,0
"1392",45,"NF12BN",37,4,4,4,0
"1393",45,"NF12BN",46,5,4,4,0
"1394",45,"NF12BN",47,4,3,2,0
"1395",45,"NF12BN",48,4,5,2,0
"1396",45,"NF12BN",49,2,1,2,0
"1397",45,"NF12BN",50,4,5,3,0
"1398",45,"NF12BN",51,5,4,4,0
"1399",45,"NF12BN",52,3,5,4,0
"1400",45,"NF12BN",53,4,5,4,0
"1401",45,"NF12BN",54,3,0,3,0
"1402",45,"NF12BN",57,5,4,4,0
"1403",45,"NF12BN",61,5,4,4,0
"1404",45,"NF12BN",62,1,4,1,0
"1405",45,"NF12BN",63,2,1,3,0
"1406",45,"NF12BN",64,2,4,2,0
"1407",45,"NF12BN",65,4,2,4,0
"1408",45,"NF12BN",4,4,2,4,0
"1409",45,"NF12BN",5,3,3,2,0
"1410",45,"NF12BN",6,4,2,3,0
"1411",45,"NF12BN",7,5,4,5,0
"1412",45,"NF12BN",9,3,4,2,0
"1413",45,"NF12BN",10,1,4,3,0
"1414",45,"NF12BN",12,4,4,4,0
"1415",45,"NF12BN",13,4,2,4,0
"1416",45,"NF12BN",39,5,4,4,0
"1417",45,"NF12BN",40,4,2,3,0
"1418",45,"NF12BN",41,1,2,4,0
"1419",45,"NF12BN",22,3,2,4,0
"1420",45,"NF12BN",23,3,3,3,0
"1421",45,"NF12BN",24,2,2,2,0
"1422",45,"NF12BN",25,2,1,2,0
"1423",45,"NF12BN",26,1,1,2,0
"1424",45,"NF12BN",42,2,1,3,0
"1425",45,"NF12BN",43,4,2,4,0
"1426",45,"NF12BN",44,5,4,3,0
"1427",46,"JF06FT",44,4,4,4,0
"1428",46,"JF06FT",45,4,4,4,0
"1429",46,"JF06FT",52,4,4,4,1
"1430",46,"JF06FT",53,4,4,4,0
"1431",46,"JF06FT",54,4,2,4,0
"1432",46,"JF06FT",64,4,3,4,0
"1433",46,"JF06FT",65,4,4,4,0
"1434",46,"JF06FT",66,4,3,4,0
"1435",46,"JF06FT",9,3,4,3,0
"1436",46,"JF06FT",10,4,2,3,0
"1437",46,"JF06FT",12,4,4,4,0
"1438",46,"JF06FT",13,3,3,4,0
"1439",46,"JF06FT",15,5,4,4,0
"1440",46,"JF06FT",17,4,4,4,0
"1441",46,"JF06FT",57,4,4,3,0
"1442",46,"JF06FT",61,4,3,4,0
"1443",46,"JF06FT",62,4,3,4,0
"1444",46,"JF06FT",63,4,3,4,0
"1445",46,"JF06FT",23,4,4,4,0
"1446",46,"JF06FT",24,2,3,3,0
"1447",46,"JF06FT",25,4,0,4,0
"1448",46,"JF06FT",26,4,3,4,0
"1449",46,"JF06FT",27,4,4,3,0
"1450",46,"JF06FT",28,4,3,4,0
"1451",46,"JF06FT",29,5,3,4,0
"1452",46,"JF06FT",35,4,3,4,0
"1453",46,"JF06FT",36,4,3,4,0
"1454",46,"JF06FT",37,4,3,4,0
"1455",46,"JF06FT",39,4,4,5,0
"1456",46,"JF06FT",40,4,3,4,0
"1457",46,"JF06FT",41,4,3,4,0
"1458",46,"JF06FT",42,4,3,4,0
"1459",46,"JF06FT",43,4,4,4,0
"1460",46,"JF06FT",6,4,4,4,0
"1461",46,"JF06FT",47,4,4,4,1
"1462",46,"JF06FT",48,3,3,3,0
"1463",46,"JF06FT",49,5,3,5,2
"1464",46,"JF06FT",50,4,4,4,0
"1465",46,"JF06FT",51,4,3,4,0
"1466",46,"JF06FT",21,3,3,3,0
"1467",46,"JF06FT",4,4,4,3,0
"1468",46,"JF06FT",18,3,3,3,0
"1469",46,"JF06FT",19,4,4,4,0
"1470",46,"JF06FT",7,4,4,3,0
"1471",46,"JF06FT",5,4,3,4,0
"1472",46,"JF06FT",22,4,2,4,0
"1473",47,"AP12DT",63,1,2,2,0
"1474",47,"AP12DT",57,1,3,2,0
"1475",47,"AP12DT",61,3,3,4,2
"1476",47,"AP12DT",62,3,3,3,0
"1477",47,"AP12DT",53,1,2,2,0
"1478",47,"AP12DT",64,2,3,4,0
"1479",47,"AP12DT",65,3,3,3,0
"1480",47,"AP12DT",41,2,1,3,0
"1481",47,"AP12DT",42,2,1,4,0
"1482",47,"AP12DT",54,2,0,2,0
"1483",47,"AP12DT",40,4,3,4,3
"1484",47,"AP12DT",45,3,3,2,0
"1485",47,"AP12DT",66,3,4,3,0
"1486",47,"AP12DT",43,2,2,3,0
"1487",47,"AP12DT",44,3,3,3,0
"1488",47,"AP12DT",51,2,3,2,0
"1489",47,"AP12DT",52,2,3,1,1
"1490",47,"AP12DT",15,3,1,4,0
"1491",47,"AP12DT",17,1,3,2,0
"1492",47,"AP12DT",18,3,2,4,1
"1493",47,"AP12DT",19,1,4,2,0
"1494",47,"AP12DT",21,1,2,3,0
"1495",47,"AP12DT",4,4,3,4,0
"1496",47,"AP12DT",5,3,2,3,0
"1497",47,"AP12DT",6,4,2,5,2
"1498",47,"AP12DT",46,2,1,2,2
"1499",47,"AP12DT",48,1,2,2,0
"1500",47,"AP12DT",49,3,2,3,0
"1501",47,"AP12DT",50,4,3,4,3
"1502",47,"AP12DT",13,3,2,4,0
"1503",47,"AP12DT",36,3,2,3,0
"1504",47,"AP12DT",37,2,2,2,0
"1505",47,"AP12DT",39,3,2,3,1
"1506",47,"AP12DT",24,2,1,2,0
"1507",47,"AP12DT",7,2,4,3,0
"1508",47,"AP12DT",22,3,2,4,0
"1509",47,"AP12DT",23,3,2,3,0
"1510",47,"AP12DT",12,4,3,4,1
"1511",47,"AP12DT",28,1,2,3,1
"1512",47,"AP12DT",9,2,4,2,1
"1513",47,"AP12DT",10,1,1,4,0
"1514",47,"AP12DT",26,3,2,3,0
"1515",47,"AP12DT",27,1,4,1,0
"1516",47,"AP12DT",29,3,2,4,2
"1517",47,"AP12DT",35,1,3,1,0
"1518",47,"AP12DT",25,2,1,2,0
"1519",48,"OS07MH",66,4,3,2,0
"1520",48,"OS07MH",65,4,4,4,0
"1521",48,"OS07MH",19,2,1,2,0
"1522",48,"OS07MH",18,3,3,3,0
"1523",48,"OS07MH",44,5,4,5,0
"1524",48,"OS07MH",21,3,2,4,0
"1525",48,"OS07MH",43,4,3,4,0
"1526",48,"OS07MH",49,4,2,4,0
"1527",48,"OS07MH",45,4,2,4,0
"1528",48,"OS07MH",64,5,1,5,5
"1529",48,"OS07MH",47,4,3,3,1
"1530",48,"OS07MH",39,5,3,5,0
"1531",48,"OS07MH",40,3,3,4,0
"1532",48,"OS07MH",46,4,3,2,0
"1533",48,"OS07MH",42,3,0,2,0
"1534",48,"OS07MH",63,1,2,3,0
"1535",48,"OS07MH",4,3,4,2,0
"1536",48,"OS07MH",41,3,2,4,0
"1537",48,"OS07MH",6,4,1,5,1
"1538",48,"OS07MH",7,3,3,4,0
"1539",48,"OS07MH",9,1,4,2,0
"1540",48,"OS07MH",5,4,2,4,0
"1541",48,"OS07MH",12,3,3,3,0
"1542",48,"OS07MH",13,3,1,3,0
"1543",48,"OS07MH",15,4,1,5,0
"1544",48,"OS07MH",17,2,5,2,0
"1545",48,"OS07MH",54,5,1,4,0
"1546",48,"OS07MH",57,2,4,1,0
"1547",48,"OS07MH",22,4,1,5,0
"1548",48,"OS07MH",23,4,3,4,0
"1549",48,"OS07MH",24,2,3,2,0
"1550",48,"OS07MH",25,3,1,3,0
"1551",48,"OS07MH",26,1,2,2,0
"1552",48,"OS07MH",27,2,3,2,0
"1553",48,"OS07MH",10,4,2,5,0
"1554",48,"OS07MH",35,1,1,3,0
"1555",48,"OS07MH",36,1,3,4,0
"1556",48,"OS07MH",37,4,3,4,0
"1557",48,"OS07MH",53,3,2,5,0
"1558",48,"OS07MH",50,4,4,4,0
"1559",48,"OS07MH",61,4,4,5,0
"1560",48,"OS07MH",62,1,2,4,0
"1561",48,"OS07MH",51,3,4,1,0
"1562",48,"OS07MH",52,4,4,4,0
"1563",48,"OS07MH",28,1,3,1,0
"1564",48,"OS07MH",29,5,4,4,0
"1565",49,"AG06EH",6,4,4,4,2
"1566",49,"AG06EH",37,4,4,3,0
"1567",49,"AG06EH",39,5,4,5,2
"1568",49,"AG06EH",4,5,3,4,0
"1569",49,"AG06EH",18,5,3,5,0
"1570",49,"AG06EH",24,3,1,3,0
"1571",49,"AG06EH",25,4,1,4,0
"1572",49,"AG06EH",22,3,1,4,0
"1573",49,"AG06EH",5,4,2,4,0
"1574",49,"AG06EH",48,4,2,3,0
"1575",49,"AG06EH",50,5,4,4,0
"1576",49,"AG06EH",7,4,4,4,0
"1577",49,"AG06EH",23,4,3,4,0
"1578",49,"AG06EH",53,5,4,5,0
"1579",49,"AG06EH",54,5,1,5,0
"1580",49,"AG06EH",51,4,4,3,1
"1581",49,"AG06EH",52,5,5,3,2
"1582",49,"AG06EH",62,3,4,3,0
"1583",49,"AG06EH",9,3,1,3,1
"1584",49,"AG06EH",57,4,5,3,0
"1585",49,"AG06EH",61,4,3,3,2
"1586",49,"AG06EH",13,5,1,5,0
"1587",49,"AG06EH",15,5,3,4,0
"1588",49,"AG06EH",17,4,3,4,1
"1589",49,"AG06EH",66,5,4,4,0
"1590",49,"AG06EH",19,4,4,3,0
"1591",49,"AG06EH",21,4,1,4,0
"1592",49,"AG06EH",40,5,3,5,0
"1593",49,"AG06EH",41,4,1,3,0
"1594",49,"AG06EH",42,3,2,3,0
"1595",49,"AG06EH",43,4,2,4,0
"1596",49,"AG06EH",26,4,2,4,0
"1597",49,"AG06EH",10,3,2,3,0
"1598",49,"AG06EH",12,4,3,4,0
"1599",49,"AG06EH",29,5,4,5,0
"1600",49,"AG06EH",35,4,2,4,0
"1601",49,"AG06EH",36,4,1,3,0
"1602",49,"AG06EH",27,4,4,4,0
"1603",49,"AG06EH",28,4,3,4,2
"1604",49,"AG06EH",46,5,2,4,3
"1605",49,"AG06EH",44,4,4,4,0
"1606",49,"AG06EH",65,5,4,5,1
"1607",49,"AG06EH",47,5,3,4,2
"1608",49,"AG06EH",64,4,3,4,0
"1609",49,"AG06EH",63,4,3,3,0
"1610",49,"AG06EH",45,4,4,3,0
"1611",50,"AS01LG",9,4,2,4,1
"1612",50,"AS01LG",10,4,4,3,0
"1613",50,"AS01LG",46,5,5,4,0
"1614",50,"AS01LG",7,5,4,4,0
"1615",50,"AS01LG",45,3,4,3,0
"1616",50,"AS01LG",51,5,3,4,0
"1617",50,"AS01LG",47,5,4,5,3
"1618",50,"AS01LG",48,4,4,4,0
"1619",50,"AS01LG",49,5,2,5,0
"1620",50,"AS01LG",4,4,4,3,0
"1621",50,"AS01LG",5,4,4,3,0
"1622",50,"AS01LG",6,5,3,5,1
"1623",50,"AS01LG",63,4,3,3,0
"1624",50,"AS01LG",64,4,5,3,0
"1625",50,"AS01LG",65,4,4,4,0
"1626",50,"AS01LG",66,4,4,3,0
"1627",50,"AS01LG",12,5,2,4,0
"1628",50,"AS01LG",13,4,1,5,0
"1629",50,"AS01LG",15,4,3,5,0
"1630",50,"AS01LG",52,5,5,4,0
"1631",50,"AS01LG",53,5,4,3,0
"1632",50,"AS01LG",54,4,1,4,0
"1633",50,"AS01LG",57,5,3,5,0
"1634",50,"AS01LG",61,5,2,4,3
"1635",50,"AS01LG",62,3,5,3,0
"1636",50,"AS01LG",24,5,5,4,0
"1637",50,"AS01LG",25,4,2,4,0
"1638",50,"AS01LG",26,4,4,4,0
"1639",50,"AS01LG",27,4,5,3,0
"1640",50,"AS01LG",28,4,2,4,0
"1641",50,"AS01LG",29,5,3,5,2
"1642",50,"AS01LG",35,5,4,4,0
"1643",50,"AS01LG",17,4,5,4,0
"1644",50,"AS01LG",18,5,3,4,0
"1645",50,"AS01LG",19,4,5,3,0
"1646",50,"AS01LG",21,5,3,5,0
"1647",50,"AS01LG",22,4,3,4,0
"1648",50,"AS01LG",23,5,4,4,0
"1649",50,"AS01LG",43,4,1,5,0
"1650",50,"AS01LG",44,5,4,4,0
"1651",50,"AS01LG",39,5,3,5,0
"1652",50,"AS01LG",40,5,4,4,2
"1653",50,"AS01LG",36,5,2,4,0
"1654",50,"AS01LG",37,5,4,4,0
"1655",50,"AS01LG",41,3,2,3,0
"1656",50,"AS01LG",42,3,2,4,0
"1657",51,"CO06HE",61,4,1,4,1
"1658",51,"CO06HE",62,4,4,4,0
"1659",51,"CO06HE",63,3,1,4,0
"1660",51,"CO06HE",64,3,2,3,0
"1661",51,"CO06HE",65,5,2,4,1
"1662",51,"CO06HE",66,4,2,4,0
"1663",51,"CO06HE",9,4,3,3,1
"1664",51,"CO06HE",49,3,1,3,1
"1665",51,"CO06HE",50,5,4,4,1
"1666",51,"CO06HE",52,5,3,4,1
"1667",51,"CO06HE",53,2,1,3,0
"1668",51,"CO06HE",54,2,0,3,0
"1669",51,"CO06HE",57,3,1,1,0
"1670",51,"CO06HE",19,2,3,2,0
"1671",51,"CO06HE",21,3,1,2,0
"1672",51,"CO06HE",22,3,0,1,0
"1673",51,"CO06HE",23,4,3,4,0
"1674",51,"CO06HE",24,5,2,4,2
"1675",51,"CO06HE",25,1,0,1,0
"1676",51,"CO06HE",26,1,0,2,0
"1677",51,"CO06HE",10,4,1,5,0
"1678",51,"CO06HE",12,3,2,3,0
"1679",51,"CO06HE",13,3,0,4,0
"1680",51,"CO06HE",15,3,4,3,0
"1681",51,"CO06HE",17,2,3,2,0
"1682",51,"CO06HE",18,4,2,4,0
"1683",51,"CO06HE",39,5,2,4,1
"1684",51,"CO06HE",40,4,1,4,1
"1685",51,"CO06HE",41,2,0,3,0
"1686",51,"CO06HE",42,3,3,3,0
"1687",51,"CO06HE",43,4,2,5,0
"1688",51,"CO06HE",44,4,4,4,0
"1689",51,"CO06HE",45,4,2,3,0
"1690",51,"CO06HE",46,5,3,3,0
"1691",51,"CO06HE",47,4,1,4,1
"1692",51,"CO06HE",48,3,1,3,0
"1693",51,"CO06HE",29,5,3,3,1
"1694",51,"CO06HE",35,2,0,3,0
"1695",51,"CO06HE",36,3,0,4,0
"1696",51,"CO06HE",37,4,2,3,0
"1697",51,"CO06HE",6,5,3,4,1
"1698",51,"CO06HE",7,4,4,4,0
"1699",51,"CO06HE",4,3,1,3,0
"1700",51,"CO06HE",5,4,1,3,0
"1701",51,"CO06HE",28,4,4,3,1
"1702",51,"CO06HE",27,5,3,3,0
"1703",52,"KG09HE",4,4,4,4,0
"1704",52,"KG09HE",5,3,3,4,0
"1705",52,"KG09HE",9,3,2,4,0
"1706",52,"KG09HE",10,2,1,3,0
"1707",52,"KG09HE",6,4,4,4,2
"1708",52,"KG09HE",7,4,4,4,0
"1709",52,"KG09HE",21,3,1,4,0
"1710",52,"KG09HE",22,2,0,3,0
"1711",52,"KG09HE",23,4,3,4,0
"1712",52,"KG09HE",24,3,3,3,0
"1713",52,"KG09HE",25,2,0,3,0
"1714",52,"KG09HE",26,2,1,3,0
"1715",52,"KG09HE",27,2,3,3,0
"1716",52,"KG09HE",12,5,3,5,0
"1717",52,"KG09HE",13,3,2,3,2
"1718",52,"KG09HE",15,5,3,5,0
"1719",52,"KG09HE",17,4,3,4,0
"1720",52,"KG09HE",18,3,2,3,0
"1721",52,"KG09HE",19,3,4,4,0
"1722",52,"KG09HE",40,2,3,2,2
"1723",52,"KG09HE",41,3,1,3,0
"1724",52,"KG09HE",42,5,3,4,2
"1725",52,"KG09HE",43,3,3,3,0
"1726",52,"KG09HE",44,5,4,4,0
"1727",52,"KG09HE",45,4,3,3,0
"1728",52,"KG09HE",46,5,3,5,1
"1729",52,"KG09HE",28,2,2,3,1
"1730",52,"KG09HE",29,4,4,4,1
"1731",52,"KG09HE",35,3,0,3,0
"1732",52,"KG09HE",36,2,1,3,0
"1733",52,"KG09HE",37,4,4,4,0
"1734",52,"KG09HE",39,5,3,5,2
"1735",52,"KG09HE",54,3,1,4,0
"1736",52,"KG09HE",57,4,4,4,0
"1737",52,"KG09HE",61,4,3,4,1
"1738",52,"KG09HE",62,2,2,3,0
"1739",52,"KG09HE",63,3,2,3,0
"1740",52,"KG09HE",64,3,3,2,0
"1741",52,"KG09HE",65,4,3,4,0
"1742",52,"KG09HE",66,2,2,2,0
"1743",52,"KG09HE",47,3,3,4,1
"1744",52,"KG09HE",48,3,2,3,0
"1745",52,"KG09HE",49,4,3,4,2
"1746",52,"KG09HE",50,5,4,4,1
"1747",52,"KG09HE",51,4,3,4,0
"1748",52,"KG09HE",53,3,3,4,0
"1749",53,"AB12KL",64,3,3,3,0
"1750",53,"AB12KL",65,3,3,3,0
"1751",53,"AB12KL",66,3,4,3,0
"1752",53,"AB12KL",10,3,3,3,0
"1753",53,"AB12KL",12,3,2,3,0
"1754",53,"AB12KL",13,5,3,4,3
"1755",53,"AB12KL",9,3,4,3,0
"1756",53,"AB12KL",63,2,3,3,0
"1757",53,"AB12KL",23,3,4,3,0
"1758",53,"AB12KL",24,2,3,3,0
"1759",53,"AB12KL",25,3,2,4,0
"1760",53,"AB12KL",26,3,2,4,0
"1761",53,"AB12KL",27,4,4,4,0
"1762",53,"AB12KL",28,3,3,3,0
"1763",53,"AB12KL",29,4,NA,3,0
"1764",53,"AB12KL",15,4,3,4,2
"1765",53,"AB12KL",17,4,3,3,0
"1766",53,"AB12KL",18,4,4,4,0
"1767",53,"AB12KL",19,2,3,4,0
"1768",53,"AB12KL",21,3,3,3,0
"1769",53,"AB12KL",22,4,3,4,0
"1770",53,"AB12KL",42,3,2,3,0
"1771",53,"AB12KL",43,4,3,4,3
"1772",53,"AB12KL",44,4,4,3,0
"1773",53,"AB12KL",45,3,4,4,0
"1774",53,"AB12KL",46,4,3,4,0
"1775",53,"AB12KL",47,4,4,4,0
"1776",53,"AB12KL",48,3,3,3,0
"1777",53,"AB12KL",35,4,3,4,0
"1778",53,"AB12KL",36,4,3,4,0
"1779",53,"AB12KL",37,3,3,4,0
"1780",53,"AB12KL",39,3,3,4,0
"1781",53,"AB12KL",40,3,3,3,0
"1782",53,"AB12KL",41,4,2,4,0
"1783",53,"AB12KL",4,3,3,4,0
"1784",53,"AB12KL",5,3,2,3,0
"1785",53,"AB12KL",6,4,4,4,0
"1786",53,"AB12KL",7,4,3,4,0
"1787",53,"AB12KL",49,3,3,3,0
"1788",53,"AB12KL",50,4,4,3,0
"1789",53,"AB12KL",51,4,2,4,0
"1790",53,"AB12KL",52,3,3,4,0
"1791",53,"AB12KL",54,3,2,4,0
"1792",53,"AB12KL",57,3,3,3,0
"1793",53,"AB12KL",61,4,3,4,0
"1794",53,"AB12KL",62,5,4,5,3
"1795",54,"BK07DN",27,3,4,3,0
"1796",54,"BK07DN",39,2,4,2,0
"1797",54,"BK07DN",26,3,4,3,0
"1798",54,"BK07DN",41,3,2,4,0
"1799",54,"BK07DN",42,3,3,2,0
"1800",54,"BK07DN",43,4,3,3,0
"1801",54,"BK07DN",40,3,3,3,0
"1802",54,"BK07DN",45,3,3,3,0
"1803",54,"BK07DN",46,4,3,4,0
"1804",54,"BK07DN",28,3,4,3,0
"1805",54,"BK07DN",44,3,4,2,0
"1806",54,"BK07DN",35,3,2,4,0
"1807",54,"BK07DN",36,3,3,4,0
"1808",54,"BK07DN",37,3,4,3,0
"1809",54,"BK07DN",53,4,3,3,0
"1810",54,"BK07DN",57,3,4,3,0
"1811",54,"BK07DN",61,3,3,3,0
"1812",54,"BK07DN",62,3,4,3,0
"1813",54,"BK07DN",63,3,2,3,0
"1814",54,"BK07DN",64,2,3,3,0
"1815",54,"BK07DN",65,3,4,3,0
"1816",54,"BK07DN",66,2,4,3,0
"1817",54,"BK07DN",47,3,4,3,0
"1818",54,"BK07DN",29,3,4,3,0
"1819",54,"BK07DN",12,4,2,4,0
"1820",54,"BK07DN",13,4,1,4,0
"1821",54,"BK07DN",15,3,4,3,0
"1822",54,"BK07DN",17,2,4,3,0
"1823",54,"BK07DN",18,2,4,3,0
"1824",54,"BK07DN",19,2,5,2,0
"1825",54,"BK07DN",21,3,3,3,0
"1826",54,"BK07DN",22,3,2,4,0
"1827",54,"BK07DN",23,2,4,2,0
"1828",54,"BK07DN",24,3,2,3,0
"1829",54,"BK07DN",25,3,2,3,0
"1830",54,"BK07DN",6,3,2,4,0
"1831",54,"BK07DN",7,3,4,3,0
"1832",54,"BK07DN",48,3,3,2,0
"1833",54,"BK07DN",49,3,3,3,0
"1834",54,"BK07DN",50,3,3,3,0
"1835",54,"BK07DN",51,3,4,2,0
"1836",54,"BK07DN",52,2,4,3,0
"1837",54,"BK07DN",4,3,3,3,0
"1838",54,"BK07DN",5,2,3,2,0
"1839",54,"BK07DN",9,2,3,3,0
"1840",54,"BK07DN",10,2,3,3,0
"1841",57,"EB04SD",39,5,3,4,0
"1842",57,"EB04SD",40,5,3,5,0
"1843",57,"EB04SD",43,5,4,4,0
"1844",57,"EB04SD",44,5,4,5,0
"1845",57,"EB04SD",41,5,3,4,0
"1846",57,"EB04SD",42,5,3,4,0
"1847",57,"EB04SD",37,4,4,4,0
"1848",57,"EB04SD",52,4,4,4,0
"1849",57,"EB04SD",53,5,4,5,0
"1850",57,"EB04SD",54,5,4,4,0
"1851",57,"EB04SD",4,5,4,4,0
"1852",57,"EB04SD",5,5,3,4,0
"1853",57,"EB04SD",6,4,4,4,0
"1854",57,"EB04SD",45,5,4,4,0
"1855",57,"EB04SD",46,5,4,5,0
"1856",57,"EB04SD",47,5,4,4,0
"1857",57,"EB04SD",48,5,4,4,0
"1858",57,"EB04SD",49,5,3,4,0
"1859",57,"EB04SD",50,5,4,4,0
"1860",57,"EB04SD",51,4,4,4,0
"1861",57,"EB04SD",18,5,4,4,0
"1862",57,"EB04SD",19,3,5,3,0
"1863",57,"EB04SD",21,4,3,4,0
"1864",57,"EB04SD",22,5,3,5,0
"1865",57,"EB04SD",23,4,4,4,0
"1866",57,"EB04SD",24,5,4,4,0
"1867",57,"EB04SD",25,5,3,4,0
"1868",57,"EB04SD",26,5,3,5,0
"1869",57,"EB04SD",27,5,4,4,0
"1870",57,"EB04SD",28,5,4,4,0
"1871",57,"EB04SD",29,5,4,4,0
"1872",57,"EB04SD",35,4,5,3,0
"1873",57,"EB04SD",36,5,4,5,0
"1874",57,"EB04SD",17,5,4,4,0
"1875",57,"EB04SD",62,5,4,4,0
"1876",57,"EB04SD",63,5,4,4,0
"1877",57,"EB04SD",7,5,5,4,0
"1878",57,"EB04SD",61,5,4,4,0
"1879",57,"EB04SD",10,3,4,4,0
"1880",57,"EB04SD",12,5,4,4,0
"1881",57,"EB04SD",13,5,3,5,0
"1882",57,"EB04SD",9,5,4,4,0
"1883",57,"EB04SD",64,5,4,4,0
"1884",57,"EB04SD",65,5,3,5,0
"1885",57,"EB04SD",66,5,4,4,0
"1886",57,"EB04SD",15,5,4,4,0
"1887",61,"KT12LG",10,4,4,4,0
"1888",61,"KT12LG",12,4,3,5,0
"1889",61,"KT12LG",17,4,3,4,0
"1890",61,"KT12LG",18,3,3,3,0
"1891",61,"KT12LG",13,3,1,4,0
"1892",61,"KT12LG",15,4,2,3,0
"1893",61,"KT12LG",4,4,1,3,0
"1894",61,"KT12LG",5,3,2,3,0
"1895",61,"KT12LG",6,5,3,5,2
"1896",61,"KT12LG",7,4,5,4,0
"1897",61,"KT12LG",9,4,2,4,2
"1898",61,"KT12LG",27,4,4,4,0
"1899",61,"KT12LG",28,4,3,5,2
"1900",61,"KT12LG",29,5,4,5,3
"1901",61,"KT12LG",35,4,3,4,0
"1902",61,"KT12LG",36,4,4,4,0
"1903",61,"KT12LG",37,3,3,4,0
"1904",61,"KT12LG",19,4,5,4,0
"1905",61,"KT12LG",21,3,2,3,0
"1906",61,"KT12LG",22,3,3,3,0
"1907",61,"KT12LG",23,4,4,4,0
"1908",61,"KT12LG",24,3,2,3,0
"1909",61,"KT12LG",25,3,1,2,0
"1910",61,"KT12LG",26,3,2,3,0
"1911",61,"KT12LG",46,3,2,4,1
"1912",61,"KT12LG",47,4,3,3,2
"1913",61,"KT12LG",48,2,2,4,0
"1914",61,"KT12LG",49,4,3,4,1
"1915",61,"KT12LG",50,4,3,4,3
"1916",61,"KT12LG",51,4,2,3,1
"1917",61,"KT12LG",52,4,3,4,2
"1918",61,"KT12LG",53,3,4,4,0
"1919",61,"KT12LG",54,3,1,4,0
"1920",61,"KT12LG",57,4,2,4,0
"1921",61,"KT12LG",62,4,3,4,0
"1922",61,"KT12LG",63,4,3,4,0
"1923",61,"KT12LG",64,4,3,4,0
"1924",61,"KT12LG",65,4,3,4,2
"1925",61,"KT12LG",66,4,2,4,0
"1926",61,"KT12LG",42,3,3,2,0
"1927",61,"KT12LG",39,4,4,4,2
"1928",61,"KT12LG",40,5,3,4,3
"1929",61,"KT12LG",41,4,4,3,0
"1930",61,"KT12LG",43,4,4,4,0
"1931",61,"KT12LG",44,4,3,4,0
"1932",61,"KT12LG",45,3,3,3,0
"1933",62,"AK09WN",25,4,1,4,0
"1934",62,"AK09WN",26,3,3,3,0
"1935",62,"AK09WN",27,4,4,4,0
"1936",62,"AK09WN",13,5,1,4,2
"1937",62,"AK09WN",15,5,2,4,5
"1938",62,"AK09WN",17,4,3,4,0
"1939",62,"AK09WN",18,3,2,3,0
"1940",62,"AK09WN",19,2,3,2,0
"1941",62,"AK09WN",21,3,2,3,0
"1942",62,"AK09WN",22,3,2,3,0
"1943",62,"AK09WN",23,2,3,2,0
"1944",62,"AK09WN",24,3,2,3,0
"1945",62,"AK09WN",6,4,3,4,0
"1946",62,"AK09WN",7,3,3,3,0
"1947",62,"AK09WN",9,2,3,3,0
"1948",62,"AK09WN",10,2,3,4,0
"1949",62,"AK09WN",12,4,2,3,0
"1950",62,"AK09WN",29,4,2,3,0
"1951",62,"AK09WN",35,3,1,4,0
"1952",62,"AK09WN",36,3,2,3,0
"1953",62,"AK09WN",51,2,3,2,0
"1954",62,"AK09WN",52,2,3,2,0
"1955",62,"AK09WN",53,4,3,4,2
"1956",62,"AK09WN",4,4,4,4,0
"1957",62,"AK09WN",5,4,3,4,0
"1958",62,"AK09WN",42,4,2,4,0
"1959",62,"AK09WN",43,3,2,3,0
"1960",62,"AK09WN",44,3,3,3,0
"1961",62,"AK09WN",45,3,2,2,0
"1962",62,"AK09WN",28,3,2,3,0
"1963",62,"AK09WN",47,4,3,3,0
"1964",62,"AK09WN",48,3,2,3,0
"1965",62,"AK09WN",49,3,2,3,0
"1966",62,"AK09WN",50,3,3,3,0
"1967",62,"AK09WN",57,3,3,3,0
"1968",62,"AK09WN",37,3,2,3,0
"1969",62,"AK09WN",39,3,2,3,0
"1970",62,"AK09WN",54,4,2,4,0
"1971",62,"AK09WN",46,4,3,4,0
"1972",62,"AK09WN",61,3,2,3,0
"1973",62,"AK09WN",63,2,2,3,0
"1974",62,"AK09WN",64,3,3,3,0
"1975",62,"AK09WN",40,2,2,3,0
"1976",62,"AK09WN",66,3,3,3,0
"1977",62,"AK09WN",41,4,2,3,0
"1978",62,"AK09WN",65,3,3,3,0
"1979",63,"IK09SZ",65,4,3,5,0
"1980",63,"IK09SZ",64,5,3,5,0
"1981",63,"IK09SZ",23,5,4,3,0
"1982",63,"IK09SZ",10,5,4,5,0
"1983",63,"IK09SZ",66,3,2,3,0
"1984",63,"IK09SZ",22,3,2,4,0
"1985",63,"IK09SZ",9,4,3,4,0
"1986",63,"IK09SZ",43,4,2,4,0
"1987",63,"IK09SZ",44,4,3,3,0
"1988",63,"IK09SZ",7,5,3,4,0
"1989",63,"IK09SZ",42,2,2,4,0
"1990",63,"IK09SZ",27,3,4,3,0
"1991",63,"IK09SZ",28,5,2,5,0
"1992",63,"IK09SZ",25,3,0,4,0
"1993",63,"IK09SZ",26,3,2,3,0
"1994",63,"IK09SZ",61,5,2,5,0
"1995",63,"IK09SZ",62,3,3,5,0
"1996",63,"IK09SZ",12,5,3,5,0
"1997",63,"IK09SZ",5,5,4,5,0
"1998",63,"IK09SZ",6,4,5,5,0
"1999",63,"IK09SZ",46,5,4,5,0
"2000",63,"IK09SZ",4,4,4,4,0
"2001",63,"IK09SZ",48,3,2,4,0
"2002",63,"IK09SZ",29,2,3,4,0
"2003",63,"IK09SZ",13,5,2,5,0
"2004",63,"IK09SZ",47,4,2,5,0
"2005",63,"IK09SZ",17,3,4,4,0
"2006",63,"IK09SZ",18,4,2,5,0
"2007",63,"IK09SZ",19,3,4,4,0
"2008",63,"IK09SZ",21,4,2,4,0
"2009",63,"IK09SZ",15,4,2,4,0
"2010",63,"IK09SZ",24,4,3,4,0
"2011",63,"IK09SZ",45,3,3,4,0
"2012",63,"IK09SZ",35,3,1,4,0
"2013",63,"IK09SZ",41,3,1,3,0
"2014",63,"IK09SZ",37,4,4,4,0
"2015",63,"IK09SZ",49,4,2,4,0
"2016",63,"IK09SZ",40,4,2,4,0
"2017",63,"IK09SZ",50,5,4,4,0
"2018",63,"IK09SZ",36,4,1,4,0
"2019",63,"IK09SZ",39,5,0,4,0
"2020",63,"IK09SZ",54,5,0,5,0
"2021",63,"IK09SZ",57,5,1,5,0
"2022",63,"IK09SZ",53,3,1,3,0
"2023",63,"IK09SZ",51,3,2,4,0
"2024",63,"IK09SZ",52,5,4,4,0
"2025",64,"BK02MH",62,5,4,4,1
"2026",64,"BK02MH",25,2,3,2,0
"2027",64,"BK02MH",63,3,2,2,0
"2028",64,"BK02MH",29,4,4,3,0
"2029",64,"BK02MH",26,3,4,1,0
"2030",64,"BK02MH",19,0,5,1,0
"2031",64,"BK02MH",21,0,1,3,0
"2032",64,"BK02MH",27,2,5,4,0
"2033",64,"BK02MH",28,0,2,2,0
"2034",64,"BK02MH",24,3,2,3,0
"2035",64,"BK02MH",45,2,0,3,0
"2036",64,"BK02MH",22,3,3,5,0
"2037",64,"BK02MH",23,4,3,3,0
"2038",64,"BK02MH",48,5,5,5,5
"2039",64,"BK02MH",49,1,1,3,0
"2040",64,"BK02MH",46,5,4,5,0
"2041",64,"BK02MH",47,4,4,3,0
"2042",64,"BK02MH",52,1,2,2,0
"2043",64,"BK02MH",53,4,2,4,0
"2044",64,"BK02MH",54,0,0,4,0
"2045",64,"BK02MH",57,4,3,1,0
"2046",64,"BK02MH",61,5,3,4,1
"2047",64,"BK02MH",65,1,3,2,0
"2048",64,"BK02MH",66,4,5,2,0
"2049",64,"BK02MH",6,5,4,4,1
"2050",64,"BK02MH",7,5,3,5,0
"2051",64,"BK02MH",9,4,3,3,0
"2052",64,"BK02MH",10,4,4,1,0
"2053",64,"BK02MH",50,4,5,4,0
"2054",64,"BK02MH",51,0,0,0,0
"2055",64,"BK02MH",15,2,1,3,0
"2056",64,"BK02MH",17,1,5,1,0
"2057",64,"BK02MH",18,4,5,2,0
"2058",64,"BK02MH",40,0,3,1,0
"2059",64,"BK02MH",41,5,3,3,0
"2060",64,"BK02MH",43,4,2,3,0
"2061",64,"BK02MH",44,4,4,2,0
"2062",64,"BK02MH",5,3,2,3,0
"2063",64,"BK02MH",35,0,0,3,0
"2064",64,"BK02MH",36,4,2,1,0
"2065",64,"BK02MH",37,0,1,1,0
"2066",64,"BK02MH",39,2,3,2,0
"2067",64,"BK02MH",42,5,1,4,1
"2068",64,"BK02MH",12,3,3,4,0
"2069",64,"BK02MH",13,4,1,4,0
"2070",64,"BK02MH",4,3,4,2,0
"2071",65,"IS11LG",22,4,0,5,0
"2072",65,"IS11LG",23,5,4,4,0
"2073",65,"IS11LG",9,5,3,4,2
"2074",65,"IS11LG",10,4,2,4,0
"2075",65,"IS11LG",21,3,1,3,0
"2076",65,"IS11LG",42,4,3,5,0
"2077",65,"IS11LG",66,4,4,4,0
"2078",65,"IS11LG",62,4,4,3,0
"2079",65,"IS11LG",45,5,2,5,0
"2080",65,"IS11LG",46,5,4,4,1
"2081",65,"IS11LG",43,5,4,5,0
"2082",65,"IS11LG",7,5,4,3,0
"2083",65,"IS11LG",49,5,3,4,1
"2084",65,"IS11LG",50,5,5,4,2
"2085",65,"IS11LG",47,4,3,4,1
"2086",65,"IS11LG",44,5,5,4,0
"2087",65,"IS11LG",40,5,3,5,2
"2088",65,"IS11LG",41,4,4,4,0
"2089",65,"IS11LG",4,4,2,4,0
"2090",65,"IS11LG",48,3,3,3,0
"2091",65,"IS11LG",64,4,4,4,0
"2092",65,"IS11LG",6,5,3,4,2
"2093",65,"IS11LG",25,3,0,4,0
"2094",65,"IS11LG",63,4,3,3,0
"2095",65,"IS11LG",27,5,4,4,0
"2096",65,"IS11LG",12,4,2,3,0
"2097",65,"IS11LG",13,3,1,3,0
"2098",65,"IS11LG",26,4,3,4,1
"2099",65,"IS11LG",17,4,3,3,0
"2100",65,"IS11LG",18,5,4,4,0
"2101",65,"IS11LG",19,4,4,3,0
"2102",65,"IS11LG",54,4,1,3,0
"2103",65,"IS11LG",57,5,4,4,0
"2104",65,"IS11LG",61,5,5,5,2
"2105",65,"IS11LG",24,3,1,3,0
"2106",65,"IS11LG",29,4,3,4,1
"2107",65,"IS11LG",15,5,4,4,0
"2108",65,"IS11LG",36,4,2,4,0
"2109",65,"IS11LG",28,4,2,4,2
"2110",65,"IS11LG",39,5,5,4,2
"2111",65,"IS11LG",53,5,4,3,0
"2112",65,"IS11LG",37,5,4,4,0
"2113",65,"IS11LG",5,4,2,4,0
"2114",65,"IS11LG",51,5,5,4,2
"2115",65,"IS11LG",52,4,2,4,2
"2116",65,"IS11LG",35,3,2,4,0
"2117",66,"PH09RK",49,4,3,3,0
"2118",66,"PH09RK",47,4,3,3,0
"2119",66,"PH09RK",48,2,3,3,0
"2120",66,"PH09RK",53,4,4,3,0
"2121",66,"PH09RK",50,4,5,3,0
"2122",66,"PH09RK",51,2,4,2,0
"2123",66,"PH09RK",52,4,4,4,0
"2124",66,"PH09RK",44,4,4,2,0
"2125",66,"PH09RK",45,2,3,4,0
"2126",66,"PH09RK",46,4,4,4,0
"2127",66,"PH09RK",65,2,3,3,0
"2128",66,"PH09RK",27,4,4,3,0
"2129",66,"PH09RK",28,2,2,3,0
"2130",66,"PH09RK",29,2,2,4,0
"2131",66,"PH09RK",35,2,2,3,0
"2132",66,"PH09RK",36,3,2,3,0
"2133",66,"PH09RK",37,2,3,2,0
"2134",66,"PH09RK",54,3,2,3,0
"2135",66,"PH09RK",57,4,4,3,0
"2136",66,"PH09RK",61,2,3,3,0
"2137",66,"PH09RK",62,2,3,4,0
"2138",66,"PH09RK",63,2,2,3,0
"2139",66,"PH09RK",64,2,3,3,0
"2140",66,"PH09RK",7,4,2,4,0
"2141",66,"PH09RK",9,4,3,4,2
"2142",66,"PH09RK",10,4,4,4,0
"2143",66,"PH09RK",12,5,3,3,0
"2144",66,"PH09RK",13,3,2,4,0
"2145",66,"PH09RK",15,3,3,2,0
"2146",66,"PH09RK",17,2,3,2,0
"2147",66,"PH09RK",39,4,3,4,0
"2148",66,"PH09RK",40,4,3,3,0
"2149",66,"PH09RK",41,3,3,3,0
"2150",66,"PH09RK",42,2,3,2,0
"2151",66,"PH09RK",43,1,3,1,0
"2152",66,"PH09RK",6,4,2,4,0
"2153",66,"PH09RK",24,3,3,3,0
"2154",66,"PH09RK",25,2,1,4,0
"2155",66,"PH09RK",26,3,3,3,0
"2156",66,"PH09RK",5,4,4,4,0
"2157",66,"PH09RK",22,3,4,4,0
"2158",66,"PH09RK",18,4,3,4,0
"2159",66,"PH09RK",4,4,4,3,0
"2160",66,"PH09RK",19,2,4,2,0
"2161",66,"PH09RK",21,2,1,3,0
"2162",66,"PH09RK",23,1,2,2,0
